filepath,duration,analyse_harmonics,get_number_sylls,get_number_words,pauses,get_max_intensity,analyse_intensity,analyse_pitch,analyse_pitch_range,analyse_shimmer,analyse_jitter,spectral_slope,mean_spectral_rolloff,get_energy
uortapdfw0x51_processed_0,10.0,13.776697302033988,,,2.7,104.73689733889697,67.39667149090789,277.0989214627896,504.8537895695219,0.1121029245990224,0.0210581964103042,-0.0151347758218157,912.3007861267166,0.0218436621544436
uortapdfw0x51_processed_1,10.0,18.78941957446228,,,1.7,104.42360899156785,71.98821162710735,395.5690523667766,503.0178299613676,0.1151035913399005,0.0184073095901199,-0.0354615288527916,907.277158434769,0.0628778609576499
uortapdfw0x51_processed_2,10.0,2.2557797614715698,,,0.7,85.65240308139363,47.648984416229325,92.07711771565629,61.93787552933145,0.2445340234779433,0.0885593702467059,-0.000206074967844,392.4427961142322,0.0002320106379581
uortapdfw0x51_processed_3,10.0,4.979852507276425,,,1.6,88.87868486096178,51.080037179934656,88.46006050697463,321.9047434778678,0.1806813932365994,0.0871592052623723,-0.0004467814718613,489.34132627184766,0.0005103504179666
uortapdfw0x51_processed_4,10.0,13.531267761312558,,,1.9,108.0466920551324,69.39928839819474,376.3814700019515,415.9968700803307,0.111246197686983,0.0160396151915443,-0.020306645577372,937.0690201701,0.0346459084177865
uortapdfw0x51_processed_5,10.0,9.9643084849849,,,1.3,102.35117189240714,66.33341140493572,220.88762637183171,348.7059364754971,0.1276865809796746,0.0283180852014626,-0.0114328885764588,896.1551966292135,0.0170982330884192
uortapdfw0x51_processed_6,10.0,13.403229464397,0.5,0.3,2.8,106.30490851181158,69.98834146923653,337.08915601897195,329.4700618146272,0.1170840475602379,0.0184763426556588,-0.0237433568216111,977.7579051576156,0.0396702442997144
uortapdfw0x51_processed_7,9.357006802721088,10.729398942507093,,,2.671796515977344,103.16115470243042,65.35252476223361,172.46110837438243,306.0951354660698,0.1485109021511,0.0404455712029756,-0.0088511556181456,565.03125,0.0127531886484406
upw3o9xs71p61_processed_0,10.0,4.942667640996141,0.3,0.3,0.1,108.51976855666344,75.55291874616505,238.12584982072863,519.981485134193,0.2013888293088571,0.0279119112121841,-0.0984329655470892,724.4521008895131,0.1433637681753704
upw3o9xs71p61_processed_1,10.0,2.6361942292322382,0.7,0.6,0.1,109.52456677962545,78.09954686456831,192.0912650997936,515.580514161201,0.188233135283764,0.0186615504872654,-0.1820374709303364,541.1021867197253,0.2566742246241629
upw3o9xs71p61_processed_10,10.0,5.991128336096617,,,0.1,107.63683882660952,74.43875197214334,221.27096840485655,512.1055894886566,0.182780154467416,0.0288327808562945,-0.0699801268966368,930.3708499141698,0.1108490542313375
upw3o9xs71p61_processed_11,10.0,5.032382432937932,0.9,0.8,0.1,108.99869192908704,75.1018259822267,193.05090989465415,522.9765308975934,0.1741353535335867,0.0369573256920857,-0.0806052852756277,887.2826203573658,0.1288388724697288
upw3o9xs71p61_processed_12,10.0,5.474647568544022,,,0.1,107.6792231400922,72.91818916897432,174.77386290897857,524.0848824616824,0.1885684899528191,0.0305534673481372,-0.0510803636292872,1073.9816196551185,0.0781310211534728
upw3o9xs71p61_processed_13,10.0,4.733979175620489,,,0.1,108.5539904329798,74.80810825191557,176.29303370426985,518.3708897796662,0.1806589518137359,0.0335062187417146,-0.0826389191813579,841.0702442259675,0.1206985967998383
upw3o9xs71p61_processed_14,10.0,5.745207426653333,1.5,1.2,0.1,108.83001932973804,76.33014721090974,184.7925361096545,520.0574406732521,0.165427109789832,0.022280170421123,-0.116585751859216,1033.567659566167,0.1712865737231477
upw3o9xs71p61_processed_15,10.0,6.288195495538612,0.2,0.1,0.4,106.38235872446572,71.87252022613481,156.28386398386283,513.0222695450072,0.1715952362553791,0.0252242460490506,-0.0448451679863555,1747.9725050717852,0.0613789067441927
upw3o9xs71p61_processed_16,10.0,5.239027813329319,2.0,1.5,0.1,105.38381012464498,72.41074853093421,160.65594935325643,515.9027400313477,0.2204700158358473,0.0360689593417949,-0.0473019715567196,822.0754330524345,0.0693273753753019
upw3o9xs71p61_processed_18,10.0,8.622406443163973,1.1,0.9,0.1,107.74990768045085,72.70341759556638,160.09791589683778,521.5913722235699,0.177219474714377,0.0418122013903177,-0.0494052509109656,1266.129130578964,0.0754143253717629
upw3o9xs71p61_processed_19,10.0,6.85422836802836,0.4,0.4,0.1,107.48650509086922,71.75014337409353,201.72481205744987,523.5089252395815,0.226799910789095,0.0348496826273235,-0.0391679809343952,1041.2655567259676,0.059803092811567
upw3o9xs71p61_processed_2,10.0,6.8044492788941895,0.6,0.4,0.1,108.99304867479856,77.22103783233548,233.432198001066,493.6467015601848,0.1744614725538482,0.0290906568889082,-0.1281678180694653,880.2095525124844,0.2104893317329551
upw3o9xs71p61_processed_20,10.0,5.39043000712328,,,0.1,109.32442210382104,76.21458188218935,249.072155795674,524.2104256654101,0.172609481201466,0.0183896795368908,-0.1106582844003828,740.9475948033707,0.1666005675279642
upw3o9xs71p61_processed_21,10.0,2.4665840733133764,0.5,0.4,0.1,106.0305230864721,74.65713483122133,263.19421970403295,516.8261400325895,0.1971757425171849,0.0259089632354825,-0.0909075664371319,421.6098285346442,0.1174747599631615
upw3o9xs71p61_processed_22,10.0,4.387052782421655,1.5,1.4,0.1,108.59950926394556,75.0021334842428,205.6164122774485,517.3870166103551,0.1925555706755439,0.0274585591395882,-0.0852765256230645,677.2649910268415,0.1269720751026131
upw3o9xs71p61_processed_23,10.0,3.652703497558244,,,0.1,109.3061667797788,74.17593813492816,157.57706352610998,495.47195439766784,0.1474031555174661,0.0222165702648976,-0.0739643772000131,485.9172616260924,0.1042113254287299
upw3o9xs71p61_processed_24,10.0,13.466146461073818,,,0.1,108.71983760932751,78.09023542430273,246.41685307522064,518.943229408308,0.1066893499758949,0.0258681813308226,-0.2195755847693636,1073.331797167603,0.2600349225399841
upw3o9xs71p61_processed_25,10.0,8.292332268183097,0.8,0.6,0.1,109.91050744656434,77.6367370588543,194.2282970882189,524.2152677656385,0.1391012541831176,0.0193519799692794,-0.1874029635950199,775.7380910580524,0.2335426442874741
upw3o9xs71p61_processed_26,0.8270294784580499,5.460349123856767,,,1.2091898428053205,97.67324353366756,69.3608245055336,496.9784062265614,360.9866920763078,0.2130708965501153,0.0642489614589112,-0.0253348323378863,950.7783348880596,0.0028400833360744
upw3o9xs71p61_processed_4,10.0,5.489997145314982,0.6,0.5,0.1,108.373735363842,77.23132314838324,228.4867971336011,524.095288366939,0.2058585375585035,0.0268509166123739,-0.1331514895773901,799.9314821317104,0.2104089454148973
upw3o9xs71p61_processed_5,10.0,1.905536722937358,,,0.1,108.45873307692416,76.3077141633118,200.7550972172437,515.752330751507,0.1818070084781124,0.0474516337895874,-0.1318576453308981,433.5565650358926,0.1692678651543101
upw3o9xs71p61_processed_6,10.0,2.400909072860866,0.6,0.5,0.1,107.78464046010714,75.3657643688493,178.58650543829197,512.724371984733,0.1939470305046681,0.0276935092323661,-0.0971303947006349,773.438719179151,0.1374597612644526
upw3o9xs71p61_processed_7,10.0,3.4569979575152576,,,0.1,110.25022473544416,76.77826104756005,227.59993388245027,522.8462644079125,0.2165706887735731,0.0401736012490865,-0.1180373052742676,813.1028840901997,0.1895302459299419
upw3o9xs71p61_processed_8,10.0,6.43537571292181,0.5,0.3,0.1,109.21010132159871,75.69739835475286,200.32327192428716,517.4814592340488,0.1819206332723794,0.0300631514820758,-0.0921970199058613,981.156976630774,0.1501760592445498
upw3o9xs71p61_processed_9,10.0,6.2283685559030815,,,0.1,108.63284382095762,74.14077253416114,207.6598761057966,503.42332679565936,0.2097867135556326,0.0335935848815378,-0.0693146304873867,932.3203173767166,0.1061219643191968
uqufqavw1sy61_processed_0,10.0,8.083786955584657,3.4,2.1,0.5,94.30519597276007,64.62743584740471,175.3593643608197,511.1508879064914,0.124057984559988,0.0236561879117072,-0.0076454021565613,1483.1198550639824,0.0117195375332375
uqufqavw1sy61_processed_3,10.0,12.027222199137553,3.9,2.6,0.4,99.83694045586452,68.61384673535157,163.4411172694647,418.9363829266339,0.1246055254050651,0.0225952697016177,-0.0215283846182379,911.6259704666044,0.0291993261622313
uqufqavw1sy61_processed_4,1.913015873015873,11.87711729259161,3.1364349189754317,2.6136957658128592,1.0454783063251438,99.89508108162276,70.31580757606896,168.2777304957985,145.21026869079702,0.1333403767052527,0.0202563745713408,-0.0310489755151342,824.7006899350649,0.0082053911282613
ut49qgxtzka71_processed_0,10.0,15.994126698665228,,,3.0,108.76028135603713,69.68228279920194,235.8099412685337,489.6501013905444,0.0975981822358423,0.0218571115365453,-0.0240218377775343,1456.4271467306492,0.0374899888917425
ut49qgxtzka71_processed_1,10.0,14.157458189672573,,,3.1,100.82717691959428,63.41912206938443,185.80326459064503,382.5823893109935,0.1045272562759335,0.0200225073113415,-0.0066372110205115,999.2270404182271,0.0090054650896927
ut49qgxtzka71_processed_2,10.0,5.9193885996806745,0.6,0.4,2.6,92.11354110772729,60.35184273776746,163.03013124132167,350.7384112663212,0.1507863534752128,0.0225920735541828,-0.0024600517639732,1235.8124122191011,0.0043307538007405
ut49qgxtzka71_processed_3,7.653015873015873,11.536283173820197,,,2.744021952175617,108.30883035300742,70.7306436947031,306.38822117539644,447.28843303334673,0.118421781113648,0.0222542854276766,-0.0260037379926762,1736.5065507748775,0.035947681515657
utkpnmjf64t51_processed_0,10.0,10.640898697817464,3.2,1.9,1.1,100.11126273067896,69.20661409761773,180.80944547688475,516.5436141305772,0.0946409657462173,0.0209707763235137,-0.0222429022130552,1283.5493718789014,0.0332067118537088
utkpnmjf64t51_processed_1,10.0,15.088082270162207,2.5,1.5,1.3,100.61963053855528,69.97833594927899,210.0481850792978,451.1949838579115,0.0850235052181125,0.0232816246396724,-0.0238283862528516,1429.334547635768,0.039715020491077
utkpnmjf64t51_processed_3,10.0,6.269932006422484,3.6,2.6,0.7,100.29279716936318,69.26696113428306,119.08150392791669,124.56735776901988,0.1098373397900137,0.0230287318907184,-0.0201155133674147,1309.617250897316,0.0336934372711354
utkpnmjf64t51_processed_4,0.693015873015873,8.141353349358976,7.215007215007215,1.443001443001443,1.443001443001443,96.77526275774612,68.63496075718305,107.78213967613958,23.05229634081517,0.098890643129184,0.0184348366280738,-0.0165471333774152,1362.400599888393,0.0019424330423256
uvknf21t4gf61_processed_0,10.0,10.857701811768576,2.6,2.0,0.1,107.33256437472926,71.99393769942155,247.9647474626948,255.42728454432867,0.1139984039741943,0.0166410478291574,-0.0294306912863787,1095.2008231897628,0.0629645217223733
uvknf21t4gf61_processed_1,9.523038548752837,10.624116138565324,2.10017851517379,1.4701249606216529,0.1050089257586894,109.04708755301805,72.87441012476447,261.5929971524829,519.8293178362065,0.1056037753364912,0.0198353745351462,-0.0305248983580382,1484.9611934796856,0.0735224530315754
uy1pvvhw4fy51_processed_0,10.0,3.430438563294327,,,0.1,103.14724204720332,71.59587396200052,96.67431448771374,208.34236637993408,0.1935441893629251,0.0699985102869981,-0.0434195044633848,545.0261148174158,0.0574500602231904
uy1pvvhw4fy51_processed_1,9.557006802721087,-0.3670509215995871,,,0.1046353458198179,104.60297878864723,67.92964738982457,113.92262341436634,154.03183156945332,0.2007491670741069,0.0490016943229787,-0.0131814104765944,823.7801892950391,0.0236043143136679
uyh2fvtr6lb71_processed_0,10.0,11.003768400697163,0.7,0.5,0.1,104.63298363309696,69.31835181781135,254.49395056721244,459.66867211043336,0.1052460177657343,0.0135291951126411,-0.0175206551056377,1703.784575920724,0.0340659741241737
uyh2fvtr6lb71_processed_1,10.0,11.816929064514111,1.7,1.2,0.1,105.06496492573432,71.90118555939583,286.88634312972306,409.5070052096326,0.1044758202503352,0.0136555242810129,-0.0248119137768277,2490.844574165106,0.0617240219366406
uyh2fvtr6lb71_processed_2,10.0,10.613924074546974,2.4,1.5,0.1,104.06624066232072,72.45071890251413,273.1835964341055,303.31214359525,0.1098673207551693,0.0161962453950222,-0.0296372328031536,2468.825589107366,0.0701865504259525
uyh2fvtr6lb71_processed_3,10.0,13.831889982628692,2.9,2.3,0.7,106.14497639987408,72.94602635996594,307.83749920440283,388.9520815394599,0.0916517844513902,0.0118920477930112,-0.0337388814063091,2157.660590277778,0.0784892926234218
uyh2fvtr6lb71_processed_4,10.0,11.796398343975982,0.1,0.1,0.3,104.90905053023168,70.36974354284389,289.172642289051,260.408522679001,0.1057013864703988,0.0158073088599071,-0.0176040108593559,2214.9699350421347,0.0433113107744381
uyh2fvtr6lb71_processed_5,1.26,8.622926110556465,0.7936507936507936,1.5873015873015872,0.7936507936507936,97.67746868436711,64.81165194558015,217.7532474510136,61.68266656885464,0.1140728195953241,0.0138399059399485,-0.0041425627933223,2073.706296410891,0.0014551377669995
uypv850e04s61_processed_0,10.0,12.351275834654324,1.3,0.7,0.1,106.21196413236922,74.89961069941795,157.2953769954966,425.47907741538,0.1276221593917968,0.0198542573020531,-0.085476438953835,885.033234823658,0.1229066866450496
uypv850e04s61_processed_1,10.0,11.89617546950826,2.0,1.5,0.2,105.90878853221656,75.23974630797291,194.10267458890803,465.45313916106977,0.1433575434224884,0.0238819489306765,-0.0941816278331083,757.2681365090511,0.1329349417483754
uypv850e04s61_processed_2,10.0,14.183373108975152,,,0.1,105.91325789187891,75.6754202430559,196.20161578916367,498.6327933730812,0.1312602601097307,0.0205929682161339,-0.1074074873352073,716.5542583489388,0.1476104285281423
uypv850e04s61_processed_3,10.0,11.439562139298618,3.0,2.2,0.2,104.99852941747228,75.06177427206255,184.76806941476977,496.0606497007083,0.1463900970925943,0.0264785627038019,-0.0898850170554408,914.3502262796504,0.1289405081494187
uypv850e04s61_processed_4,10.0,12.993911683527951,,,0.1,106.21806468017036,75.64794648734733,206.01081097207057,486.58952211193287,0.1432811643667791,0.0251028730356074,-0.1064424188886336,936.9940406523096,0.1471022331538891
uypv850e04s61_processed_5,10.0,12.454464488621488,,,0.1,105.83386136825672,75.31198616508384,199.81972085435092,491.5971036904343,0.1329867345448404,0.0241706750689736,-0.0958298943688956,1122.7932857365793,0.1353600515946891
uypv850e04s61_processed_6,10.0,12.04072578850012,1.6,1.3,0.1,105.2575782268634,75.28118068078733,196.47960292701592,476.0454647544655,0.1457858515056052,0.025227375960452,-0.0951606562892816,968.0855473626716,0.1349018364617998
uypv850e04s61_processed_7,10.0,11.725733255614808,,,0.1,105.78020967031372,75.16415664427339,177.7915952178102,488.7390313144297,0.1444070037355474,0.0220022568365706,-0.0925512530239905,989.4047235877028,0.1310467950992024
uypv850e04s61_processed_8,6.263038548752834,11.178401785241972,1.7563467986587895,0.7983394539358135,0.1596678907871627,105.7760240568118,74.75033938123659,188.3661875929089,345.76726857618314,0.1383140629658722,0.0265609773396787,-0.082128747934172,1066.7379310881474,0.076231058468722
uzullewafjj51_processed_0,10.0,10.754611677667569,5.0,3.2,0.6,104.64240781305573,71.1828366347858,99.03282181828246,412.235307139239,0.1528482773010475,0.0292524755032625,-0.0366990400285801,1575.044743874844,0.0523559113843269
uzullewafjj51_processed_1,10.0,8.91658812331039,3.7,2.3,0.8,101.815154886923,68.44015598535371,101.68376961381809,458.6057914888057,0.1610733812461243,0.0278708151935851,-0.0193539825783748,1706.0589546270287,0.0277743732454982
uzullewafjj51_processed_10,10.0,7.892441516659773,1.4,1.2,1.4,103.7544071485689,67.55132459333517,114.41559857098656,496.03372879004576,0.1907322077311866,0.022947698950672,-0.0155757208432917,2001.1783366495008,0.0229935466843404
uzullewafjj51_processed_11,5.443038548752835,9.176823265623751,2.75583318023149,1.8372221201543268,1.4697776961234614,104.01962499775848,67.51330776396199,100.8351826232833,453.9069485113844,0.1817566316875499,0.0179689690354461,-0.0145734626911815,2230.7084109805046,0.0121621720816668
uzullewafjj51_processed_2,10.0,10.176235956605632,2.5,1.6,1.4,107.5092750833403,69.30935477047161,103.60610103948537,479.5771600062778,0.1385414048214229,0.0270790002644762,-0.0246803856213882,1943.7940123673532,0.0352938327779411
uzullewafjj51_processed_3,10.0,9.663339529937604,1.9,1.4,1.2,102.26881281659162,66.33861337351627,104.86148233138944,433.75819344949855,0.1495077031037312,0.0225083227085124,-0.0125108773017546,1962.563884987516,0.0181070641561091
uzullewafjj51_processed_4,10.0,8.845393092246006,1.1,0.7,1.7,100.39350138132484,65.37361232263089,104.15045580517884,485.2699905242356,0.1508574287839084,0.0218631045200644,-0.0093015253490992,1391.1699730805244,0.0137247430306209
uzullewafjj51_processed_5,10.0,9.450766713105644,2.9,2.4,1.0,103.17777684225112,69.38773760736211,105.5873744891316,499.3045440426757,0.1575091720793178,0.0284355087677593,-0.0235160784228792,1767.8920636313983,0.0345819620505014
uzullewafjj51_processed_6,10.0,9.16047682792152,4.1,2.7,0.9,106.11024374419736,70.11603661022345,103.40471130996214,502.77618099621577,0.1599846502207196,0.0264681448306916,-0.0276314258896373,1626.5056862515603,0.0409729508393841
uzullewafjj51_processed_7,10.0,10.536571742123929,2.9,2.4,1.4,103.85942862234177,68.54536948142209,96.5304774848347,484.66919572237896,0.1342257590789046,0.0188906366753154,-0.0191763297995538,1631.5543071161048,0.029093930363786
uzullewafjj51_processed_8,10.0,9.28200263807001,2.9,1.8,1.9,104.36574370235654,67.18165115592556,100.76036248640372,410.35580267386257,0.1663311215007499,0.020379615030742,-0.0145800955623005,1600.6127594413233,0.0209794290602051
uzullewafjj51_processed_9,10.0,10.079493579977466,3.4,2.5,1.1,103.83890828212763,69.5423650999205,102.42591009774614,468.4167954433086,0.1572331658610097,0.0244342548853855,-0.0246678294958538,2085.530294163545,0.0361366750729939
v1jki6msfys51_processed_0,10.0,10.160357212003952,2.8,1.9,0.2,111.00140864171762,79.08713323482223,281.83949556280606,372.7275249229993,0.1029283735715092,0.0157025538628105,-0.1748733423965783,1657.347261235955,0.3229607159342753
v1jki6msfys51_processed_1,10.0,7.416073769225567,0.2,0.1,0.1,110.6723297617322,78.98137732035022,284.63992927600435,470.3232461088583,0.1429267193649167,0.0200816602516213,-0.1687788518987383,1595.489159058989,0.3166103293760049
v1jki6msfys51_processed_2,10.0,9.596644165997755,,,0.1,109.89400415592776,79.27478673636591,288.2451846711728,504.51603536572657,0.1189115068133192,0.016423470450762,-0.1753153467615137,1718.0806706460671,0.3405413545868117
v3mna3qbpik51_processed_0,10.0,2.4997569350812645,,,2.1,86.52123790335614,55.52205712218065,172.57881869532986,297.17891553661127,0.2242574594974775,0.0408494801706821,-0.0010587143323044,613.3574486969413,0.0014200771088411
v3mna3qbpik51_processed_1,10.0,2.9886271918630385,,,1.0,87.01495585515745,55.89141351777425,148.53808325345975,159.92723807591926,0.2100525737559126,0.0329494334410486,-0.0011777408671881,568.669656093945,0.0015501105332223
v3mna3qbpik51_processed_2,10.0,2.358963517755137,,,2.8,87.28943531242221,55.26320747403232,137.16624528975763,421.22113725059137,0.2029504866378504,0.0314515906540429,-0.000986985864144,668.9922508973159,0.0013442039577397
v3mna3qbpik51_processed_3,10.0,11.458353680645038,0.4,0.4,1.3,103.25545278595705,69.03582967481965,241.5219933099335,513.7637133580131,0.1368997247545806,0.0230560928155125,-0.0189258651358484,888.2573540886392,0.0319073844030062
v3mna3qbpik51_processed_4,10.0,12.049873544630968,1.6,1.3,1.3,103.33300362519266,70.72083801704252,232.36383763949732,434.80365010976095,0.1174609125227376,0.0166939129754607,-0.0261879037574926,1234.087883309925,0.0469708885590856
v3mna3qbpik51_processed_5,10.0,13.39167055084777,1.1,1.0,1.8,105.16575302553296,71.9479364580232,280.99216347523566,380.4001379835301,0.1092123673538022,0.0127790786513733,-0.035617078890996,1291.747132490637,0.0623309325651256
v3mna3qbpik51_processed_6,10.0,10.56645482873094,0.8,0.6,0.5,104.78577373456488,70.67238395087325,237.49238389061472,446.4252641354792,0.1218292607417598,0.0198288997076431,-0.028239715180095,816.8768531523096,0.0464915505227691
v3mna3qbpik51_processed_7,10.0,9.016588480143485,,,0.1,105.53794066555392,68.09201988924647,292.18169613872993,379.68707127708666,0.143022400150248,0.0254419887328791,-0.0176517156064055,1117.1948150749065,0.0263073408699322
v8qi9j66hoc61_processed_0,10.0,7.328361684718702,0.2,0.2,1.7,105.63514361828454,64.96389088746868,216.43843748223517,475.13961645830864,0.1598160328827146,0.0249747682172999,-0.0066083452122426,1124.4928214731583,0.0124738594218894
v8qi9j66hoc61_processed_1,10.0,5.23233053675243,0.4,0.4,1.5,90.28754787907508,57.439360100782665,218.8548115913393,507.4511565949609,0.1877627546735192,0.023366208766021,-0.0014187069678127,1012.1984969959426,0.002206571587827
v8qi9j66hoc61_processed_2,10.0,6.31204520892837,2.1,1.7,1.0,97.16343004204252,60.78382806548508,209.9476330990587,306.22127169306293,0.1922735705792913,0.0257028068225767,-0.0029303883051674,986.6304814294632,0.0047905865927071
v8qi9j66hoc61_processed_3,10.0,11.062631344547668,1.1,1.1,0.3,108.8179948679464,74.65400721922865,242.5465449265768,411.33638344126905,0.136196696828739,0.020593336203298,-0.0582263382414521,1253.1576740012486,0.116201932789913
v8qi9j66hoc61_processed_4,10.0,6.824666825361017,1.5,1.2,1.1,107.2639583954124,71.08045905112677,232.80981137657355,500.8775216194679,0.1601520260745166,0.0278445096465262,-0.0298926631540756,1224.540491377965,0.0510277892040176
v8qi9j66hoc61_processed_5,3.66,5.797165587061656,3.0054644808743167,1.9125683060109289,1.639344262295082,87.5073492403003,56.18389441845869,188.15349137527824,143.72944656130517,0.1959856704333252,0.0238178538925193,-0.0011545982178801,816.2385071215987,0.0006003530092226
v9wt25xozoa71_processed_0,10.0,8.799154550734427,1.0,0.9,0.7,104.08364140440946,71.26840391933422,173.74479558941266,440.3737401045557,0.1220618072960213,0.0308694390827163,-0.0322992318413628,1410.83959991417,0.0534548141080983
v9wt25xozoa71_processed_1,10.0,7.084369991526675,2.1,1.9,0.7,104.20981405780836,68.68080398854416,124.2052650228212,509.1453447512697,0.1327998234794994,0.0306856613421903,-0.020056259277521,949.7905450218476,0.0299821496338845
vax1ehhhpv661_processed_0,10.0,3.0147784629455936,,,0.1,104.30583562286272,71.76722272034186,293.5397784848942,398.585096083743,0.140582058331285,0.0217613171341534,-0.0111229077275109,2446.956563085206,0.0597823476299236
vax1ehhhpv661_processed_1,10.0,6.514661304346874,0.8,0.6,0.1,103.87068435575723,70.98640100680525,253.51950729232044,444.22339988199366,0.1305762710011579,0.016344385501158,-0.0116130122707903,2096.752228659488,0.050302353759563
vax1ehhhpv661_processed_2,3.373015873015873,3.8426192163337873,,,0.2964719833975689,104.16649649599414,69.12078808053107,228.16154451598936,173.65135825090044,0.1040913678586756,0.0140097329029723,-0.0059496523406186,1963.9825011531368,0.0114126995684782
vbf40hc5l7571_processed_0,10.0,2.549016654189016,,,0.1,106.71911201420411,77.11835294515203,200.22919271148265,513.6358855911313,0.1259939176776093,0.0414380991912481,-0.1205593678644069,2994.781913233458,0.2061062382711388
vbf40hc5l7571_processed_1,10.0,5.757213932383584,0.3,0.2,0.2,107.31102237976329,76.12927078005565,175.60628515222305,519.2938227009323,0.1253537655247964,0.0195184653591109,-0.1136172444054233,1118.0195897705992,0.1640823486438409
vbf40hc5l7571_processed_10,10.0,3.602887674716369,,,0.1,105.94386675496028,75.74870590848347,267.6976823885364,521.526235584288,0.1540202790458872,0.0182348353778686,-0.0822062161728713,1404.616299937578,0.1496078965799436
vbf40hc5l7571_processed_11,10.0,3.990201983194527,0.2,0.3,0.1,106.04784622445676,73.56120812971106,234.53795239694392,524.0549000108729,0.1844305541606032,0.0296288778166922,-0.0632694481135805,1110.7215833723471,0.0907579927693344
vbf40hc5l7571_processed_12,10.0,6.19791423563927,,,0.1,106.6340832553222,76.6590454517593,283.0372243440687,465.4582291259705,0.1319596720017525,0.0277957041401258,-0.1116653724330355,1314.6158854166667,0.1845237987712122
vbf40hc5l7571_processed_13,10.0,4.771727591488347,1.3,1.0,0.1,106.7843772660732,76.30671284391644,302.0982334607693,510.4988152236791,0.136687645355007,0.0202107788855053,-0.0944858321004678,1816.2788457787144,0.1704987211463885
vbf40hc5l7571_processed_3,10.0,3.349329530723462,0.2,0.3,0.1,104.91511013631327,75.00330479067267,320.485439109544,523.7572639086708,0.1734863928682916,0.0446126298083703,-0.0857258685600416,1199.3723665730338,0.1258219956436563
vbf40hc5l7571_processed_4,10.0,3.602610630486785,,,0.1,104.9299357502126,75.45322739570285,201.9440712015894,520.5314088620787,0.1562013685190395,0.0158783208858859,-0.0795959046630606,1772.9656776685392,0.1398018779569247
vbf40hc5l7571_processed_5,10.0,3.2760350237476565,,,0.1,106.79188320451097,74.80999793486653,169.7426630840846,521.4490469475398,0.1759660281423877,0.0283851176609569,-0.0824822027332247,1696.386596832085,0.1208084384973384
vbf40hc5l7571_processed_6,10.0,5.834631791886023,,,0.1,105.52902755388148,76.0247973157474,305.0804611604288,501.6900252107921,0.1791880658423616,0.0278748165457206,-0.0941531387815793,1183.476708801498,0.1599404137346816
vbf40hc5l7571_processed_7,10.0,7.113562521157484,0.5,0.3,0.1,106.68432122723917,77.69761938960032,258.3524904213681,518.4678774682733,0.1253349563366641,0.0227470677287552,-0.126028999640747,1933.9217091916355,0.2347910997306753
vbf40hc5l7571_processed_8,10.0,3.4703143983033296,,,0.1,106.11842203104786,75.78428910709573,248.60663081142795,518.9706286114573,0.1720223720156562,0.0356747982056375,-0.0997329281587551,1167.6060442025594,0.1510033813403376
vbf40hc5l7571_processed_9,10.0,4.643784543357399,,,0.1,107.4044665808637,75.7900222449385,275.79818674425974,520.9905460598198,0.1567563287637726,0.0325405407076017,-0.11264730196507,1003.2259480337078,0.1513465583289847
vcuqc9cmpyv51_processed_0,10.0,8.17534597188298,0.4,0.4,0.1,108.62938324272427,72.57920311290228,235.22409572378197,472.1421428368992,0.1800758536981116,0.0239244164781095,-0.0475903621993089,955.0890976123596,0.0723264833628685
vcuqc9cmpyv51_processed_1,10.0,6.925270461987583,0.6,0.6,0.1,105.83850768234645,69.95005523125249,201.13363647558043,320.0140617089478,0.1950346963173392,0.0288478557190172,-0.0252316334945808,1021.8708547908864,0.041400136360559
vcuqc9cmpyv51_processed_2,10.0,6.914883446971735,,,0.1,103.71709278132523,71.89538473203362,246.8064687754087,497.8183315269357,0.1710782405752048,0.0234314539840811,-0.0341724915835083,1194.9985613686017,0.0627220040418421
vcuqc9cmpyv51_processed_3,10.0,7.333296731207413,,,0.1,104.48612307568274,73.10134955202852,262.03050948342377,503.58166372900746,0.1740234684805323,0.0212139925842201,-0.0431299671492758,1369.1759811953807,0.0813945711818669
vcuqc9cmpyv51_processed_4,10.0,8.58718089559915,0.9,0.7,0.2,110.53707687740685,76.01620583433832,299.5043507877631,495.9251062697167,0.1431120109754776,0.0203704931869876,-0.0715735858501222,1645.4255179073034,0.1594246964806225
vcuqc9cmpyv51_processed_5,4.02702947845805,9.12754292963213,3.973181028060591,2.483238142537869,0.2483238142537869,107.93347060185276,76.29953125899428,281.82315701554444,361.1075194065111,0.1566513476246022,0.0219099350731522,-0.0847181727812448,1600.694780379257,0.0685525455591511
vdjq1vb93ky51_processed_0,10.0,9.863292457677264,0.3,0.4,0.1,105.72373265347562,73.7951478387855,153.17596183512143,350.24628823637715,0.1222226966545779,0.025711787553884,-0.07019431953911,883.2587195692884,0.0960558391197798
vdjq1vb93ky51_processed_3,10.0,6.986357998430211,0.7,0.4,0.1,108.26366788225636,74.57536199939084,133.52250654029967,356.2785595721509,0.1452700258774113,0.0292928213217459,-0.083263639350601,993.4786107209736,0.1141155326569908
vdjq1vb93ky51_processed_4,10.0,4.082251265123619,3.4,2.6,0.1,107.9433173184613,74.85681506083485,110.77469544861844,465.9843040887588,0.1754452439428882,0.0318987457298412,-0.0861374415890973,816.1770443196006,0.1221014907678618
vdjq1vb93ky51_processed_5,5.573015873015873,6.496498202700536,,,0.1794365691727974,106.1427746177194,73.76117960021563,179.60905110478717,481.7030863074747,0.1407982693204211,0.0272436631521615,-0.0630763722231244,1047.6440156599554,0.0526381535786301
vdmtsuj4xqa61_processed_0,10.0,3.5024693760055507,,,0.1,103.23448044733806,68.47034171886665,119.76105783213644,516.1918838374964,0.1973347382067985,0.0601849426896757,-0.0114282791217469,929.3961161828964,0.0282625577719542
vdmtsuj4xqa61_processed_1,10.0,3.8408660544464808,,,0.1,96.24062813840568,64.25360303649708,119.67148027119516,474.2632850592795,0.2209288775084548,0.0638707937427582,-0.0069471507323059,647.0482453573658,0.0107390285687821
vdmtsuj4xqa61_processed_2,4.057006802721088,3.3191615861639527,,,0.2464875523786048,90.17456726885368,61.23149300351412,118.23797411559548,50.93332796514834,0.2156027320526995,0.0676934053782735,-0.0040508825074839,607.5465745192307,0.0021458044978304
vhxb8ug61sa71_processed_0,10.0,1.7207592900066584,,,0.1,105.16411121252712,75.67333441463977,412.8571794362084,368.89063733086886,0.1789300092658428,0.0639911363597277,-0.0762761420662435,1181.6022208567415,0.1472245080449259
vhxb8ug61sa71_processed_1,10.0,2.7954712861083504,,,0.1,104.12226778131031,73.70128009918551,417.6345787647687,501.05297553171295,0.1614191345406721,0.0406409855418354,-0.0584045446043908,942.1426342072408,0.0938661636314888
vhxb8ug61sa71_processed_2,3.017006802721089,2.6722645207386653,,,0.3314550878355983,103.29640706925537,73.28948613793735,337.94307969347653,273.23478041878883,0.2065252781873982,0.0374536320612995,-0.0624323639623406,735.0146080836777,0.0253245987288925
voljnwtov4c61_processed_0,10.0,-1.326683911402926,,,0.1,107.2950709948434,73.59945429511184,83.60490915422164,45.653041933751496,0.4389510591750667,0.113768006339589,-0.0799356513051874,311.93978718008736,0.0910705565829266
voljnwtov4c61_processed_1,10.0,9.716871988532391,,,0.1,103.79959799541513,68.58595565847477,90.4468413486453,38.94773589829528,0.1677208594034187,0.1098187531368666,-0.0254242761464926,241.9339107365793,0.0287027284876045
voljnwtov4c61_processed_2,10.0,-1.7322331442641388,,,0.1,89.82992216728407,59.55286061125619,90.64810161269034,77.07338022155176,0.1813293930116907,0.09259781651857,-0.0032401728617637,174.55231741573033,0.0035976400492606
voljnwtov4c61_processed_3,10.0,-0.6873396456347712,,,0.1,89.33159536008543,59.21608935857467,77.82753577762271,72.26850508506742,0.1945193818241598,0.0635271095863109,-0.002992199117701,250.63153480024968,0.0033394451071411
voljnwtov4c61_processed_4,10.0,-2.127693506304136,,,0.1,89.80865380350487,61.282341698933976,137.61613049897863,75.52259247302698,0.1774280323302628,0.0721080575706274,-0.0048339129239777,151.70855766229712,0.0053783890657165
voljnwtov4c61_processed_5,5.353015873015873,5.130678210400265,,,0.373622267887166,106.59180518417764,72.09043643832457,85.4185737473416,51.2819724324866,0.1375576292866814,0.0875861896611682,-0.056648291268797,338.465408289627,0.034246422597697
vott23x9fwm51_processed_0,10.0,5.554284694653056,0.6,0.4,0.1,111.0771928856365,79.3803261811793,360.20570279869946,520.5441491487392,0.168797366113804,0.0334032297077427,-0.1359020090815385,1543.9282439918852,0.3452198702090487
vott23x9fwm51_processed_1,4.890022675736962,6.565878504307129,,,0.2044989775051124,109.60487349077778,79.95900288050504,340.9101603449064,465.0780222359643,0.1566147576840678,0.0251053382412671,-0.2085205174368038,1224.2556202168366,0.1926709566733285
vpt0o111u0c61_processed_0,10.0,10.558560836225997,2.7,1.7,0.1,112.52917827565064,80.51812415469784,202.1121258556896,242.8077707862232,0.0984095384529789,0.0196352715118759,-0.2792102706378001,1458.876477645131,0.4528692313983386
vpt0o111u0c61_processed_1,10.0,11.944111255206304,3.4,3.0,0.1,112.6745679946302,82.09738987462347,223.65237357299105,419.862738787206,0.0863920798049913,0.0138340062889638,-0.4038187584495061,1797.5339663311486,0.6519058921725324
vpt0o111u0c61_processed_2,10.0,11.68117355580115,3.9,2.5,0.2,113.513572054866,81.66414301193817,263.4766078150268,522.9023822620592,0.1068664371097573,0.01902700773852,-0.3331868444912143,1445.0802463717228,0.5861766383834766
vpt0o111u0c61_processed_3,10.0,10.621643590738106,2.4,2.2,0.1,112.67431063526458,81.51198494116429,232.72626742890037,521.3196644199346,0.1222773942488913,0.0293148933313947,-0.3160273048321974,1187.3006642088014,0.5645593397073875
vpt0o111u0c61_processed_4,0.2230385487528344,10.782646307483828,,,4.484304932735426,105.99757366320154,77.58958596854904,225.9726853767989,55.75704328397197,0.172147449729993,0.0354043922945353,-0.2698074815947109,546.0883246527778,0.0092767971950815
vqamufx4vmg51_processed_0,10.0,4.23654560262901,1.3,1.1,0.1,100.87449718138863,67.28299520442489,105.12709805804982,128.8452844316344,0.1803788672475819,0.062186480199498,-0.0157216818958229,638.8504847456304,0.0214644653380819
vqamufx4vmg51_processed_1,10.0,2.8622296059411374,2.1,1.7,0.1,102.1478501357352,69.86694648263459,124.21757151869748,179.19426522057222,0.1897028223908078,0.0480102597914017,-0.0274245960166564,674.8656464575531,0.0387523385266104
vqamufx4vmg51_processed_10,10.0,2.6014430995467723,0.4,0.1,0.1,98.1543384088186,67.82636295947759,92.5175380675281,158.21257245434435,0.2194303713862215,0.0515373174146795,-0.0188896478512927,497.7640254369538,0.02415448534348
vqamufx4vmg51_processed_11,10.0,2.0068550311633704,0.4,0.3,0.1,101.14505525177952,69.08825127210716,93.461646988145,214.62874119896424,0.2238479353257509,0.0438462260351758,-0.0250787298835294,488.2416266775905,0.0323044364695524
vqamufx4vmg51_processed_12,10.0,5.268635193337777,1.7,1.4,0.2,106.94493648609128,72.14486373962285,104.6001190978793,140.33506974283011,0.1828857704323829,0.0498942574085969,-0.0460523023405916,695.9848773018102,0.0653794260705326
vqamufx4vmg51_processed_13,10.0,6.222138710250516,0.3,0.2,0.1,102.91134695152115,69.90901865423406,124.72485776757613,390.418974082897,0.1908240208596261,0.030387483675109,-0.0283123268882164,598.5864836922597,0.0394287395525558
vqamufx4vmg51_processed_14,10.0,7.504978029848525,0.9,0.5,0.1,100.99917972435183,66.63164709563233,150.92756252063705,187.18169021739328,0.1500047366468174,0.0181407073669784,-0.0131151631653985,529.955231741573,0.0183512633712865
vqamufx4vmg51_processed_16,10.0,3.1574371808014203,3.0,2.8,0.1,101.66294726901278,69.68477143070727,124.5301400059214,229.9810239491736,0.1947515620275424,0.0496552772282065,-0.0273867684899321,604.3599065621098,0.0374952303004635
vqamufx4vmg51_processed_17,10.0,4.262574723846854,1.2,0.7,0.1,100.51824290288656,69.41649860941641,145.84026765428524,362.1793822083616,0.2040623946762551,0.0404692406282654,-0.0258165788114437,622.9548269740949,0.0350538055387344
vqamufx4vmg51_processed_19,10.0,3.076218633583181,0.3,0.2,0.1,103.70502218309788,71.16992396408531,168.6524047641036,401.8767314803069,0.2269811420642362,0.0358615537235093,-0.0381601261013082,622.8298611111111,0.0521361918874899
vqamufx4vmg51_processed_2,10.0,2.0659479694939424,0.8,0.5,0.1,96.51073334742858,62.83029830933084,236.4847268336199,249.9788649412872,0.1966996471975755,0.0298575251960472,-0.005675276003799,591.0885319132335,0.0076882870430805
vqamufx4vmg51_processed_20,10.0,2.4496132081407263,,,0.1,101.00473386087398,69.26810121243992,100.73867504371478,202.4902855379418,0.2242439546559474,0.0485623844207966,-0.0260883235973525,496.7143121878901,0.0337354188381092
vqamufx4vmg51_processed_21,10.0,6.457627943503534,0.8,0.7,0.1,100.11272805595333,67.68599174293553,138.9970228947882,176.43220731564986,0.1752798274177252,0.0294360974073657,-0.0168980448189962,648.3978766775905,0.0233923282764299
vqamufx4vmg51_processed_22,10.0,6.223839210332237,0.7,0.5,0.1,103.28151640175464,68.81286352316155,140.06496133385377,207.47854266943483,0.1762302083593551,0.0293723700482213,-0.0220119720067431,581.7410853620474,0.0302691005307909
vqamufx4vmg51_processed_23,10.0,5.747746775083215,2.9,2.0,0.1,105.06460831031936,71.95814771867225,125.42364518242194,213.0581955906818,0.167894406800398,0.0374240825012436,-0.0420155970066741,820.9757334581773,0.0624755421928469
vqamufx4vmg51_processed_24,5.42,4.279613574288553,0.3690036900369003,0.5535055350553506,0.1845018450184501,96.81564366574352,65.61326953166359,171.9272022054236,204.39596577997477,0.1912837369369657,0.0244973179461335,-0.0105505310915628,607.7193336925287,0.0079207621523334
vqamufx4vmg51_processed_3,10.0,3.70157962845462,1.3,0.7,0.1,103.17714503068328,71.16422479033899,115.10168024917816,255.18841181308323,0.1982470663316662,0.0440622272590272,-0.0358531405238603,754.9437714575531,0.0521179582844051
vqamufx4vmg51_processed_4,10.0,4.001343301177618,0.2,0.1,0.1,107.53020035336134,68.71702520473653,94.88949332638576,142.14758318165298,0.2048666747681241,0.0491656483111045,-0.0227075974232631,499.6135202091136,0.0297361344625145
vqamufx4vmg51_processed_5,10.0,7.038890248855079,2.4,1.4,0.1,99.80031148544543,67.7588336553502,130.5263794055702,175.155327166397,0.1764369621387413,0.0259033203555632,-0.0180891917030548,640.5500204822098,0.0239076955406878
vqamufx4vmg51_processed_6,10.0,6.688188937978822,3.7,2.8,0.1,104.55706681544372,73.64950212019893,127.53830751187763,514.2017160290292,0.1386192648625854,0.0353702979186085,-0.0597166677021901,889.1071219569288,0.0923674209830836
vqamufx4vmg51_processed_7,10.0,7.238756256263967,5.1,3.8,0.1,104.61381201008908,73.94804439482888,120.76965669012944,102.85939574496284,0.1293970223249634,0.0269155529312651,-0.0615457121458333,1045.2644643414485,0.0990360142153561
vqamufx4vmg51_processed_8,10.0,9.036940561835436,0.6,0.5,0.1,102.90946825118203,70.57141801644727,191.8717971240265,320.20041727322666,0.1591430129029263,0.0221428323932606,-0.032146883931794,681.4638440230962,0.045498693271802
vqamufx4vmg51_processed_9,10.0,9.681248197845118,1.7,1.1,0.1,105.1617861132096,70.7101588282497,129.1066420517882,517.0175197066552,0.1468212822850295,0.0212498109638726,-0.0325965884003908,633.0770618757803,0.0468692213095006
vsrmdvtogzj51_processed_1,10.0,8.62088521610269,,,0.2,102.93906541802568,69.14934942406032,152.133446162418,505.18363960608633,0.1525898223445202,0.0315708426779888,-0.0235608274104823,1068.9080056179776,0.0327801715197274
vsrmdvtogzj51_processed_2,10.0,5.04204952461305,,,0.1,101.36283168760508,65.53745606526941,147.91079379128027,523.3497716904301,0.1703688317457075,0.0435952851025392,-0.0097493826435512,1319.8394584893883,0.0142626265347159
vsrmdvtogzj51_processed_3,10.0,8.099288720270483,,,0.1,107.15961394234938,73.99279556385136,202.4417572974088,374.4945157402776,0.1661517696475772,0.029854783293001,-0.0612533283451937,1324.5881612827716,0.0998030464750675
vsrmdvtogzj51_processed_4,10.0,8.904494279658573,0.3,0.1,0.1,107.30697533953165,71.91355622806203,220.4362538981672,504.4897993252387,0.158694688101023,0.0258095167671131,-0.0386406916552901,1101.07421875,0.0618693185230755
vsrmdvtogzj51_processed_6,10.0,8.815639021204612,,,0.2,101.6375645087746,68.26773609349306,179.76026022623756,511.3613196235041,0.1611980300113081,0.0293907542073088,-0.0195389528523128,1177.0534634441324,0.0267101012742738
vsrmdvtogzj51_processed_7,5.52,8.313159623308392,1.2681159420289856,1.2681159420289856,0.1811594202898551,105.55412209712124,73.56155008317492,149.0750634181457,524.8132167013864,0.1574138130608991,0.0254073441231886,-0.0676125590003712,866.8050313910835,0.0496331170763199
vv6vetoibk971_processed_0,10.0,2.240276796303395,,,0.1,112.5530630583754,80.36362054949626,257.63711215354544,505.8350911920812,0.1914056518275383,0.0443438265259843,-0.2305764314152743,1208.619840433833,0.4374350708724911
vv6vetoibk971_processed_1,10.0,1.1062739832617332,,,0.3,112.08018276546196,81.22476045157848,319.54912721714544,500.30017045483305,0.2004011792074425,0.05617561975878,-0.2207197260220033,1385.346563865481,0.5301279435956676
vv6vetoibk971_processed_2,10.0,1.3186601252235952,,,0.1,113.28312101279796,82.72532783221435,348.8956408379758,466.21256729721887,0.1987912488323108,0.0639658527237261,-0.2808748613939344,1362.4028314216605,0.7480407023573158
vv6vetoibk971_processed_3,6.543038548752834,1.121942771493617,,,0.1528350909368791,112.2157425182764,82.11602720980213,255.5770737846193,494.7809542723928,0.1899028387482124,0.0534144904149069,-0.3181864841041709,1226.158083850191,0.4253411733232254
vy20oxtwltz51_processed_0,10.0,11.252504547307408,1.1,0.9,0.6,103.87621947608147,70.46222623238182,284.65443956695094,442.74568850254354,0.1416516962648104,0.0231837737910698,-0.021341396589542,1272.602362281523,0.0442750961479711
vy20oxtwltz51_processed_1,10.0,10.627828883639731,0.2,0.1,0.5,106.99002834262234,72.78369200100379,208.9014340752057,380.3853375845545,0.1302669309418669,0.0269784313683575,-0.0515459737162303,910.9011684612984,0.075950727927513
vy20oxtwltz51_processed_10,10.0,-1.0295671204027654,,,2.2,85.90452772111252,51.2019661016062,235.1208938515784,450.0298418583336,0.2042255037250046,0.0318671081323757,-0.0002763122333269,1357.054292485955,0.0005332403585974
vy20oxtwltz51_processed_11,10.0,11.255398490782374,2.1,1.8,0.7,105.7381191508948,72.82239704374528,188.8750676497526,289.28719523775,0.1220079949261778,0.0288640580030107,-0.0536264600985861,1004.225674937578,0.0761749110952951
vy20oxtwltz51_processed_2,10.0,11.620594786895657,3.2,2.1,1.5,106.29001636609424,70.35787664991878,167.07450607971973,487.8408124887176,0.1302606207613606,0.0226431631387837,-0.0300844885067235,940.5930575062422,0.043385564371599
vy20oxtwltz51_processed_3,10.0,10.581222513145477,1.9,1.3,1.7,104.59611097682574,71.31571653357737,289.9211555128806,446.04054532608166,0.1359054325072929,0.026219255057415,-0.0262658621252774,1327.4623761313983,0.054136690077076
vy20oxtwltz51_processed_4,10.0,11.23779614353938,0.9,0.5,0.8,103.29882121813888,69.99297356583551,251.1248967766124,515.5905025755678,0.1392509515379501,0.0217207656182495,-0.0219402752933144,1052.1875731507491,0.0403138277150913
vy20oxtwltz51_processed_5,10.0,12.735102879608464,0.1,0.1,1.6,106.9627655154638,67.14477587961817,256.01152817938294,483.2813210757101,0.1285468359797745,0.0262923839424163,-0.0133350847003833,1165.6815699126091,0.0206309301225555
vy20oxtwltz51_processed_6,10.0,11.41612868212639,,,1.6,105.6051489206224,69.72174209686463,270.91825705127565,502.18995162924216,0.1390227764850821,0.0204373257961653,-0.0190299970935487,1290.5724533785892,0.0373622652844448
vy20oxtwltz51_processed_7,10.0,10.6567849243452,2.3,1.6,0.9,100.15934484994872,65.9325858038239,243.5544795952465,485.9584422856082,0.1434789060628357,0.0211787641684671,-0.0085880767703381,1141.313226630774,0.0156855737512232
vy20oxtwltz51_processed_8,10.0,11.652002421257476,2.7,1.9,0.9,106.01694181765912,71.69647027874551,216.2533896799316,393.99697611394913,0.137291286540465,0.0206721121399962,-0.0376083220379683,1089.5023798377028,0.058797448491566
vy20oxtwltz51_processed_9,10.0,8.269802949830993,0.5,0.4,2.1,102.73784699202152,64.18282800921713,193.8762435826219,214.28456387704307,0.1440511893980618,0.0304983863492056,-0.0072115053499935,1229.6390985877028,0.0104448747196487
vzzx1nl2jmn61_processed_2,10.0,9.335718337208476,2.2,1.2,0.2,100.70387747447715,70.78243582755631,177.51285220331,511.6866900179004,0.1205853384464255,0.0169258402545677,-0.0304884589753115,1200.4970593398875,0.0479101847800581
vzzx1nl2jmn61_processed_3,10.0,10.631639265870842,2.5,2.0,0.7,106.44995511912968,72.59612632686084,182.37586264395011,522.1105118482321,0.1150815946867462,0.0186990239425987,-0.0445163053917793,1330.336590980025,0.0725117716074795
vzzx1nl2jmn61_processed_6,10.0,12.573656135516265,4.2,2.7,1.9,104.79981122022684,71.46497481917281,154.27343318388046,174.15373692593522,0.1028832612283587,0.0189779326425,-0.0357961408936816,1300.0948521379526,0.0559930862700372
vzzx1nl2jmn61_processed_7,10.0,12.26683196373032,4.1,2.6,0.6,107.02030105755156,73.29610594331517,202.7156448120847,519.961537529534,0.1108564145905425,0.0173157704703446,-0.0449401990984742,1298.8701866807116,0.0852651628680517
vzzx1nl2jmn61_processed_8,1.873015873015873,10.73458420911724,3.203416978109984,2.135611318739989,1.0678056593699947,103.06669528297894,70.8323709974321,384.7542972599985,387.1441054449578,0.1279729767130103,0.0162834194252547,-0.0187464028174929,1663.22265625,0.0091287372030346
w9e9hk5ihzp61_processed_0,10.0,10.97788176871302,,,0.7,113.10392556519514,81.32392601834812,375.81990187357474,315.9164196604157,0.1774274414091577,0.0332043713211473,-0.3022390167714061,939.1184603230336,0.545440116443356
w9e9hk5ihzp61_processed_1,10.0,8.465286161404869,,,0.8,111.33057394944916,80.13623394831959,363.3316260398783,500.54456897643865,0.1746686310140511,0.0358678974775296,-0.236129387118203,930.2708772237828,0.4164890663085098
w9e9hk5ihzp61_processed_2,10.0,10.396707896455192,,,0.9,111.14527572876256,80.33739937575021,366.30312853131846,484.916224837178,0.1658166258929043,0.0339477136947374,-0.2419907870519249,913.075574477216,0.4342080080403345
w9e9hk5ihzp61_processed_3,5.5,8.870112457792324,,,0.3636363636363636,110.80685076373676,80.35135911055313,366.89248512232086,510.7594004722961,0.1812714168174884,0.0399340582162358,-0.2345515536787148,896.9748706774376,0.2384090398197004
waf4r22g3i071_processed_0,10.0,15.106714221257834,5.9,3.5,0.9,108.9995516730498,78.34015841625192,319.5486271924723,396.9016899984403,0.0808689547706695,0.0141245609983554,-0.1360239030883483,1516.7356722066168,0.2719393790106454
waf4r22g3i071_processed_1,10.0,14.779317120605942,4.1,3.5,1.1,108.14400663938918,77.9989407521994,320.3947727354269,499.3587067810945,0.0835325381210766,0.0152772007430843,-0.1149733136715719,1348.406654767478,0.2523826607910547
waf4r22g3i071_processed_2,10.0,14.384286654240436,2.5,1.7,1.4,113.91737752641367,79.72276749610161,274.52282634759985,432.857136660853,0.0766476117316645,0.0133374777928504,-0.190199686370887,1272.002526139201,0.3756317762947971
waf4r22g3i071_processed_3,4.670022675736962,17.444833713993177,0.6423982869379015,0.2141327623126338,1.284796573875803,107.0260641807525,76.7761285048542,292.3351533777883,231.5663058781075,0.0542822520934114,0.0098153974919576,-0.0880851203571365,1411.965762867647,0.0893291367805989
wh0gap71w1461_processed_0,10.0,8.211481105697507,1.5,1.3,0.1,106.26645813592516,71.58129557117617,239.83591613797907,334.80762525159776,0.1340343821673614,0.025613635543334,-0.0344123478960832,1181.652207201935,0.0574068982762158
wh0gap71w1461_processed_1,10.0,9.436844804996111,0.5,0.6,0.1,104.82281327745484,72.79825786510939,217.3869480614072,243.79304150646988,0.1483577934291561,0.024444299994315,-0.0470496195359098,1379.3981887874531,0.0762924423713848
wh0gap71w1461_processed_2,10.0,8.99036102437286,,,0.1,104.3430993266788,71.89221853119511,247.47922108630547,314.06116877336217,0.1453632378886054,0.0250749338720478,-0.0376663992829904,1214.8181472378278,0.0617932231557012
wh0gap71w1461_processed_3,10.0,9.414630197436312,0.2,0.1,0.1,105.7360134752203,71.46716212733563,232.3455924920884,341.841413892939,0.1224965642374974,0.0243866284157228,-0.0287519755384037,1187.4256300717852,0.0558753390145381
wh0gap71w1461_processed_4,10.0,9.228315120106208,0.3,0.3,0.1,104.58737677137252,70.97064138245658,226.40594556290912,361.5841383583906,0.1396222128490377,0.0294550119994897,-0.0320292707838031,988.2300444756554,0.050524705821037
wh0gap71w1461_processed_5,10.0,7.9948056231261155,0.1,0.1,0.1,104.14480382823236,70.26042268258598,203.0503260307329,245.01181077276357,0.137695983184101,0.0257438821084119,-0.0285047868496169,911.8759021925716,0.043862113627867
wh0gap71w1461_processed_6,4.88702947845805,6.558917869373129,,,0.2046245140167792,103.33148918279656,71.0241338309533,228.86166114700936,294.3109785928219,0.1543056215096735,0.0314722581362882,-0.0313781385893692,980.701680086097,0.0244786183311565
wjha1sf516b71_processed_0,10.0,1.6716549493534028,1.0,0.8,0.1,113.7638628870788,84.02625350028559,180.31557341388003,342.43812436353426,0.1852712384428355,0.0486131376989347,-0.56742921097433,1125.4675552044318,1.0065093939437502
wjha1sf516b71_processed_1,10.0,-0.2686338152310479,,,0.1,110.80523595231452,82.7973980120648,101.3779817295721,111.71941147740556,0.1993976232827761,0.0452032557565467,-0.4476362473385548,1099.1747376326466,0.7613699158283319
wjha1sf516b71_processed_2,10.0,-0.0816150716334445,,,0.1,111.29518743457793,83.78774036561028,102.4933371325484,88.86456157334243,0.1752353844449884,0.0487553461101802,-0.5657419467407584,1094.3260621488764,0.9566177522564152
wjha1sf516b71_processed_3,10.0,1.2385123718946145,,,0.2,109.9965787326309,80.41844973502121,191.2809123593433,304.0587531076533,0.2090793828238997,0.0708778480401054,-0.2021900687517769,1140.3384928995006,0.4406672184285853
wjha1sf516b71_processed_4,0.5770068027210884,5.297449295131582,,,1.733102253032929,101.52370614437336,72.56156017842302,95.54000723296262,32.413527011316134,0.2322458753651628,0.0836118213753645,-0.0582272760267056,128.6361369680851,0.003854166844069
wkgibcp6fro51_processed_0,10.0,6.25238828490285,,,0.1,104.50996556400776,67.26798760897493,151.41817351645966,521.7096081989895,0.1710571374309095,0.0313854423613303,-0.0126841391420124,819.8260475187266,0.0212181155713284
wkgibcp6fro51_processed_1,10.0,4.6943591615787,,,0.1,97.55488765456332,63.83381435565848,170.67675039042692,505.5366589787021,0.2049000851439731,0.0381751703733516,-0.0070118396200783,572.843515917603,0.0096211390973573
wkgibcp6fro51_processed_2,10.0,6.512371180143957,,,0.1,105.68077250320084,66.93450909051667,190.5287867793656,514.729465512233,0.1883365376160649,0.0379122974426152,-0.0129279713122755,644.2490100265294,0.019640531867985
wkgibcp6fro51_processed_3,10.0,6.990003993845941,,,0.1,100.46294333156276,65.55975471803907,151.93678447998235,508.74609610009816,0.1810897568913104,0.0312004346658102,-0.0083745396691704,876.3106175873908,0.0146111036067983
wkgibcp6fro51_processed_4,2.88,3.0322808372805183,,,0.3472222222222222,97.60820825525866,64.35834602429634,162.46530621708163,136.0628943932629,0.1672691434005772,0.0409017417659985,-0.0057660532174028,749.5624492694806,0.0032635775101516
wocoyi48sgs51_processed_0,10.0,3.603489842695882,0.5,0.6,0.1,106.81598781889446,71.34451555559306,241.34587993120408,523.77945196314,0.1744412437555118,0.0491894676770719,-0.0249151476057858,1324.438202247191,0.0542820365705022
wocoyi48sgs51_processed_1,10.0,5.6221851593677385,0.2,0.1,0.1,109.18178094241892,74.76093218417061,316.74227404644114,520.3955382750801,0.1726642905996492,0.0271415788728726,-0.048174045283692,1452.9031093945068,0.1198695885005678
wocoyi48sgs51_processed_2,10.0,3.970452563976867,,,0.1,106.9876503856969,74.65011515606393,323.7222073026824,501.3787271515041,0.1940973454350258,0.0347711997496305,-0.0553377593021676,1302.9690669865793,0.1167035215955499
wocoyi48sgs51_processed_3,10.0,3.193142296461026,,,0.1,106.17252076654908,74.05137842544309,306.228155204808,518.9047899086164,0.1907242858300869,0.038948061157132,-0.0406205387730291,1443.1557720817727,0.1012536559124419
wocoyi48sgs51_processed_4,10.0,2.4208016842930773,,,0.1,104.37366612644824,70.8773138509215,153.215125769302,513.1761771319759,0.1949610411378898,0.0453356157935984,-0.0201862067688557,1269.6781610877028,0.0488581920786721
wocoyi48sgs51_processed_5,10.0,4.378184593302484,,,0.1,109.0840611241803,73.18790363608748,301.0915997065159,516.4832847428576,0.1742536710008629,0.0372384646031319,-0.0357852386414347,1413.3389171738452,0.0829563992971379
wocoyi48sgs51_processed_6,5.533015873015873,2.4286149994438158,1.0844026748599314,0.7229351165732875,0.1807337791433218,106.76044031696831,73.6384252193895,279.4962399716204,501.39665065261374,0.1713982322232266,0.0419367512323496,-0.0547768610971751,1379.0932045326576,0.0506922572668602
wspxs1zbhm671_processed_1,10.0,6.410709709816314,,,0.1,104.51644864250858,69.65813870927236,244.31444998471247,497.3245604291516,0.1642731671673347,0.0250561922960813,-0.0166641293321171,1587.7162823813983,0.036874778551098
wspxs1zbhm671_processed_2,0.3,1.2789518941506508,,,3.333333333333333,95.40226870307572,68.70231449448278,513.8187270700088,337.63876882751686,0.160724380808525,0.1067122632090574,-0.0055102167844373,2093.2421875,0.0007654756882257
wunn1jjbpu961_processed_0,10.0,13.137309183566334,4.4,2.6,1.5,104.4766637929406,70.53326132928478,202.10753419756168,471.354133211024,0.1163143355903001,0.0215206532235468,-0.0290309908001184,1655.3478074282148,0.0449820326310825
wunn1jjbpu961_processed_1,10.0,13.921997303693123,4.0,3.1,1.3,103.7514196312044,70.43471381854027,212.35441022322044,414.4241466949324,0.110419835432348,0.0203250072384163,-0.0267596332872766,1654.398066869538,0.0442266728915953
wunn1jjbpu961_processed_10,10.0,13.956748613753303,4.4,2.8,1.7,106.75874753712512,71.62958322038023,189.11614108241724,262.9878275086125,0.110335098405855,0.0188943110860767,-0.0347069675986661,1606.3861823111736,0.0579051732524094
wunn1jjbpu961_processed_11,10.0,13.139219211029577,3.4,1.7,1.5,104.38703046316138,69.73066252475127,218.50807672511183,331.24558983075553,0.123904205409942,0.0211759748434626,-0.0233498130477626,1413.2139513108614,0.0373813396132463
wunn1jjbpu961_processed_12,10.0,14.847988521077983,3.8,2.4,1.1,101.82431127638031,69.95359340767263,247.02414743182305,167.6813353093133,0.1083486644856486,0.0188624532103866,-0.0243143516117394,1754.495723119538,0.0394970677868598
wunn1jjbpu961_processed_13,10.0,14.05754490636497,3.8,2.6,1.4,105.14495305747644,70.26372788027143,204.6200223197838,413.27802123918855,0.1094849779215202,0.0198420022517419,-0.0267467098130044,1778.9640390917602,0.0425048023980149
wunn1jjbpu961_processed_14,10.0,13.000372898464112,4.4,2.9,1.4,103.17777643769662,70.19604953062708,165.22391227615074,269.8577093956491,0.123085890194762,0.0205407683627604,-0.026385474725084,1093.151383036829,0.0416575180479461
wunn1jjbpu961_processed_15,7.48702947845805,12.448230900698196,3.606250834780286,2.270602377454254,1.335648457326032,102.58560465213776,70.44875942583056,176.1816153476356,153.59432756790778,0.1303262655066853,0.0221941102014225,-0.0274664043667737,1520.0496419270833,0.0329762925994582
wunn1jjbpu961_processed_2,10.0,13.761207553537158,4.6,3.1,1.4,102.44551509117642,70.24906651676847,180.5175556161003,294.51026654833754,0.1102209105181582,0.0218589249022068,-0.0284024305485271,1538.9795958177278,0.0422694244721157
wunn1jjbpu961_processed_3,10.0,13.794187736653974,3.6,2.3,2.1,104.12581560802728,69.53731120380584,161.96917448549286,144.19374453428588,0.1126223158534458,0.0177977807497995,-0.0229287636022542,1429.7594315699123,0.0357747690459461
wunn1jjbpu961_processed_4,10.0,12.683187354586051,5.3,3.0,1.4,103.87948607415252,69.9583514399579,186.13684348811472,476.8855502585988,0.1205743242833043,0.0220869724465022,-0.0254049051230338,1573.8450715901995,0.0396680022962924
wunn1jjbpu961_processed_5,10.0,12.444529684236862,2.9,1.6,1.6,102.67828027005442,69.3282046299195,161.5828018330524,486.8485020550117,0.1111289110336935,0.0205920507949667,-0.0213311011236415,1707.333606429463,0.0341346422273102
wunn1jjbpu961_processed_6,10.0,14.268531632201988,2.8,1.6,1.3,101.26212525706588,66.95008171120153,210.687398787668,155.98341937339285,0.1048452628069004,0.0191895555572115,-0.0130052489885898,1334.210532732522,0.0197098698068536
wunn1jjbpu961_processed_7,10.0,12.860991834364633,3.6,2.5,0.9,105.81609863330192,71.68830638502156,186.1411320190479,393.4339366281013,0.1210604429559768,0.0226428696135752,-0.036271321679144,1623.5564918851435,0.0586746321347648
wunn1jjbpu961_processed_8,10.0,14.481311349625006,3.4,1.9,1.3,104.67580178072151,70.46896205955223,222.65485797771484,317.8237142315812,0.1230386144603986,0.0228511903336149,-0.0284475271170592,1458.4515937109863,0.0443115661550691
wunn1jjbpu961_processed_9,10.0,12.311397899488297,4.5,2.4,1.4,107.55559955234646,71.34063356784719,183.4647622505137,179.3616587129397,0.1110155207645266,0.018908209416275,-0.0328996937125902,1583.2425044865793,0.0541616786354764
wunqa6kfsvx51_processed_0,10.0,8.274412935243541,2.3,1.0,1.0,97.1763155683414,63.16021023033269,205.98343116762396,516.9821509736797,0.1539414121604615,0.0241905619480533,-0.0044498517281742,1730.827188670412,0.0082760939024544
wunqa6kfsvx51_processed_1,10.0,10.531549608936066,0.3,0.3,0.9,106.96450602680876,67.86890042383442,229.75861967898533,519.721790375597,0.1537165823106081,0.0225173224073147,-0.0118067960075966,1449.1541335049938,0.0243526204477626
wunqa6kfsvx51_processed_2,10.0,8.498167652117193,,,1.4,95.75111131198452,61.48288161394528,201.8484745982093,519.404004269595,0.1661349748891149,0.0275650270589869,-0.0036587218684735,1127.3170499765918,0.0056704122773371
wunqa6kfsvx51_processed_3,8.583038548752835,9.239487112375992,2.9127344751252475,1.9806594430851685,1.048584411045089,100.00171738143946,63.09826414644999,214.7889801730872,427.33758208963786,0.1581903931600985,0.0220027182064526,-0.0050746400979029,1734.5701705577762,0.0070575590906955
x705shsub7m61_processed_0,10.0,9.369528582542255,4.7,3.2,0.5,107.45399259899511,76.7607311212129,171.71250080647468,441.7457823998124,0.1130853354035369,0.0167434754454517,-0.1011333578530275,2215.519784839264,0.188967035478432
x705shsub7m61_processed_1,10.0,10.521423997534733,3.8,2.8,0.3,109.27705569552968,77.40111175324577,179.28746014344256,490.2341940174174,0.1093652050821787,0.0177364536939716,-0.1167561959605915,1892.0581450920724,0.2194185518936283
x705shsub7m61_processed_2,10.0,10.266840971603996,5.2,3.4,0.3,108.13274429396432,76.43105353778434,173.51041000849574,125.2190262602322,0.1109085848762976,0.0196031949464601,-0.098014548643211,2069.034800249688,0.176639774745529
x705shsub7m61_processed_3,10.0,7.9434324008790576,4.2,3.2,0.3,108.86433501446852,77.15201601316112,182.52108008895289,179.9712872136605,0.1378557339344661,0.020705245707508,-0.1144609066854517,2329.688597261236,0.2080030194409531
x705shsub7m61_processed_4,10.0,8.904729286297945,4.7,3.1,0.3,108.18779200707864,75.01266005276673,161.70307796842457,169.00526977264667,0.1114394934789586,0.0184913741725312,-0.0604841466144347,2246.2114007880773,0.1267548079648258
x705shsub7m61_processed_5,0.633015873015873,15.66908267682838,,,1.5797788309636651,102.67303768894736,75.43506281618353,176.36515953967148,27.06700791673597,0.073635089793542,0.0093457182238883,-0.0957536476622049,1273.0066636029412,0.0086150394776244
x9i397iuxh971_processed_0,10.0,6.18924619502853,,,0.7,116.20776366035165,81.90960475207436,339.8657805684357,483.26331636682266,0.1659198822874865,0.0348843054471224,-0.3128137259179038,1132.9655069834582,0.6183844584940816
xan1gwbxrwc61_processed_0,10.0,8.681273721239368,,,0.2,109.2225561831426,74.11807744483072,323.6395550485965,520.6638037325054,0.1624080976302196,0.0574209591725877,-0.059292047840119,1299.0951252340824,0.1008777224249691
xan1gwbxrwc61_processed_1,10.0,5.424040881049898,,,0.1,110.6158694859871,73.71536514857166,466.76520117613154,524.5647285711178,0.1496897672922625,0.0612786252250306,-0.0576566800051345,1109.9717881944443,0.0937651074346407
xan1gwbxrwc61_processed_2,10.0,6.382216669178408,,,0.1,112.21084809660636,77.12713621709783,371.1946654347437,508.3457971157971,0.1656590432646244,0.0558387461052736,-0.1180154580149142,1114.295607053683,0.202850352733493
xan1gwbxrwc61_processed_3,10.0,7.959151418967797,,,0.1,108.73636061313768,70.63564895550881,349.78081234638296,521.4762096834347,0.1825303120969622,0.028588567618065,-0.0303048043808763,787.0350050717852,0.0461520336650428
xan1gwbxrwc61_processed_4,9.257006802721088,6.819122992673669,,,0.1080263584314572,112.50605971107596,75.88016411509224,395.568437435531,519.2009063789926,0.144152155070154,0.0300899090192716,-0.0781282961080915,903.442053782008,0.1426742924558057
xbw64yf04th51_processed_1,10.0,1.2757222054916455,,,0.1,101.9182057255736,68.78937630732722,134.11352731961782,523.0710565499622,0.1803159986757138,0.0578822655038588,-0.0255138526828219,279.6236150124844,0.0301484955692236
xbw64yf04th51_processed_3,10.0,0.7570261586310784,,,0.1,108.39078385673815,75.58828620109617,117.98302811626098,512.8053945136467,0.2229693751187058,0.0406801109500044,-0.1291719271044878,173.0527270599251,0.1443599526054604
xbw64yf04th51_processed_5,10.0,3.779127931183197,,,0.1,100.30591259630714,67.96715307735407,94.50891630011084,520.8893217023767,0.1445641739464326,0.0496225426211195,-0.0201109363038735,316.16363334893884,0.0249513451201055
xbw64yf04th51_processed_6,10.0,5.098341963376069,,,0.1,100.91096278810976,66.10163094786495,115.3206638242304,518.1823797525155,0.1969610784915967,0.054134081218152,-0.0128810245309257,427.9580943742197,0.0162511297884775
xbw64yf04th51_processed_7,10.0,1.802129077261219,,,0.3,96.68088555287116,64.99158393884512,91.7385668636928,485.5055645460565,0.2474737022856729,0.1060984602295797,-0.0113285954226127,149.8840560627341,0.0125899441214763
xbw64yf04th51_processed_8,7.737006802721089,4.860820162653754,,,0.1292490629442936,95.2760753898986,62.59203897326054,118.21702986064804,509.4465077039003,0.1734516649857944,0.0362378383173934,-0.0056674507722172,524.9637726814516,0.0055876357706147
xc76oggvh2471_processed_0,10.0,9.45262939586733,0.5,0.7,0.1,109.9215155594954,75.48842362289508,261.578288133956,386.0359202594704,0.0989855551094489,0.0197342633504033,-0.0574601396990829,2019.5983048533085,0.1411461520782613
xc76oggvh2471_processed_2,10.0,9.490982784877524,0.8,0.7,0.1,109.15019614807768,74.6302187050297,271.034579497659,467.3065414812207,0.1143768551346214,0.0212144142730218,-0.0482530670160731,2299.9717150436954,0.1160273944929455
xc76oggvh2471_processed_4,10.0,9.494033865962685,1.3,0.8,0.1,111.27973659909232,77.16415294145456,213.7751237806833,380.1728498499848,0.1031133309340712,0.0193860290871975,-0.0838611378242656,1832.349455758427,0.2103673751694344
xda96lajcd871_processed_0,10.0,6.702254114684752,,,0.1,103.4731337054415,72.36528345380064,117.5763619400758,155.54311919849312,0.2164933437707996,0.0482147783379209,-0.0562415544494839,919.4988198345818,0.0687555621763992
xda96lajcd871_processed_1,10.0,6.094387519788981,,,0.1,102.67900459522212,71.03557545950946,126.18784144051584,524.6842651065771,0.2082098598713068,0.0539958830197745,-0.040166944797864,1119.9940504057429,0.0508918460892552
xda96lajcd871_processed_2,0.4370068027210884,4.097847203560297,,,2.288329519450801,98.5823399563394,71.8074404717628,93.6875488473006,427.77388712220295,0.0935250629264711,0.0636169010261615,-0.0437108813069437,781.9056919642857,0.0024569557700839
xdz15thrnem51_processed_0,10.0,4.075380196808393,1.1,0.7,0.1,106.11713091804204,74.10450558941827,200.04793802419687,478.832586130492,0.1853255110333864,0.0327244764623228,-0.0677582226080186,807.5044134285268,0.1024205672627576
xdz15thrnem51_processed_11,10.0,7.23698624365371,1.0,0.7,0.2,108.941723905662,77.20835396507105,323.1267590074396,411.67056455363286,0.1427089027843855,0.0232212159621479,-0.1007932677287725,1156.1841643258426,0.2102254385311292
xdz15thrnem51_processed_12,10.0,5.311337463714372,0.4,0.1,0.1,106.1183891559193,71.50550659215818,225.66270674563495,451.1801828791213,0.1683869154840856,0.0292523444785343,-0.0285948779521132,1144.9122434847066,0.0574522753926333
xdz15thrnem51_processed_13,8.09002267573696,6.012374021528527,,,0.1236093943139678,107.92894844251308,76.73612263679183,261.75887677642095,376.0809571210829,0.1726138686617492,0.0309994256103888,-0.1096154802590365,884.6284842785494,0.1522661780260241
xdz15thrnem51_processed_3,10.0,7.658144764146977,,,0.1,107.24549918732048,74.8779192247736,277.19135223745064,453.06699096638505,0.1512343312377837,0.0225015985062679,-0.0627584900117514,1166.931228542447,0.1229160598604697
xdz15thrnem51_processed_5,10.0,5.465491085651039,1.3,1.0,0.1,104.11389648581142,69.55054055229257,199.8939425691788,443.0577054214567,0.1967569132609916,0.0332257428866084,-0.0208904797161854,1002.6760982365792,0.0364816419959485
xdz15thrnem51_processed_6,10.0,6.879442808017451,0.2,0.3,0.1,108.02817303041164,75.50100150390799,258.53683015592486,379.9153719127575,0.1495803468812685,0.0242058081906874,-0.081410612795039,1023.6703632178528,0.1412902695403948
xdz15thrnem51_processed_7,10.0,4.468769934913807,1.8,1.1,0.1,104.67826779201592,71.10022565442034,194.90421963915009,493.34081376933335,0.1626275543720186,0.0344649851742247,-0.0281549867944298,980.2072360720974,0.051731680153059
xdz15thrnem51_processed_8,10.0,8.581944925717222,0.3,0.1,0.1,109.33571501021586,76.78498891212739,285.9880513699517,520.2592293871882,0.1497578521244414,0.0225093076518716,-0.1082989936523013,1146.2118884597378,0.190454479859453
xdz15thrnem51_processed_9,10.0,2.829222119255467,0.6,0.6,0.1,105.45559784056272,74.65453233774018,186.19008520665344,486.28785358353474,0.1951732496182193,0.0343624991521696,-0.0818768774181841,698.3592286985019,0.1163693875613923
