,parent_label_train,segment_label_train,noisy_train
0,0,0,1
1,0,0,1
2,0,0,1
3,3,3,1
4,3,2,1
5,3,2,1
6,3,2,1
7,3,2,1
8,0,0,0
9,0,0,0
10,0,0,0
11,1,0,0
12,1,0,0
13,1,1,0
14,1,0,0
15,1,0,0
16,1,0,0
17,1,0,0
18,1,0,0
19,1,1,0
20,1,0,0
21,1,0,0
22,1,1,0
23,1,0,0
24,1,0,0
25,1,0,0
26,1,0,0
27,1,0,0
28,1,1,0
29,1,1,0
30,1,1,0
31,1,0,0
32,1,1,0
33,1,0,0
34,1,0,0
35,1,0,0
36,1,1,0
37,2,0,0
38,2,2,0
39,2,2,0
40,2,2,0
41,2,2,0
42,2,2,0
43,2,2,0
44,0,0,0
45,0,0,0
46,0,0,0
47,2,2,0
48,2,0,0
49,2,0,0
50,2,0,0
51,2,1,0
52,2,1,0
53,2,2,0
54,2,0,0
55,2,0,0
56,2,0,0
57,2,0,0
58,2,1,0
59,2,0,0
60,2,0,0
61,2,0,0
62,0,0,0
63,0,0,0
64,0,0,1
65,1,1,0
66,1,1,0
67,1,1,0
68,1,1,0
69,0,0,0
70,0,0,0
71,0,0,0
72,0,0,0
73,0,0,0
74,0,0,0
75,0,0,0
76,0,0,0
77,0,0,0
78,0,0,0
79,0,0,0
80,0,0,0
81,0,0,0
82,0,0,0
83,0,0,0
84,0,0,0
85,0,0,0
86,0,0,0
87,0,0,0
88,0,0,1
89,0,0,1
90,0,0,0
91,0,0,0
92,0,0,0
93,0,0,0
94,0,0,1
95,1,1,0
96,1,0,0
97,2,2,0
98,2,2,0
99,2,2,0
100,2,2,0
101,2,2,0
102,2,1,0
103,2,1,0
104,2,1,0
105,2,1,0
106,2,1,0
107,2,1,0
108,2,2,0
109,1,0,0
110,1,0,0
111,1,0,0
112,1,1,0
113,1,0,0
114,1,0,0
115,1,0,0
116,1,0,0
117,1,0,0
118,1,0,0
119,1,0,0
120,1,0,0
121,1,0,0
122,1,0,0
123,1,0,0
124,1,0,1
125,1,0,1
126,1,0,0
127,1,0,0
128,1,0,0
129,1,0,0
130,1,0,0
131,1,0,1
132,1,0,1
133,1,0,0
134,1,0,0
135,1,0,0
136,0,0,0
137,0,0,0
138,0,0,0
139,0,0,0
140,3,3,0
141,3,2,0
142,3,2,1
143,1,0,0
144,1,1,0
145,1,1,0
146,1,1,0
147,1,1,0
148,1,1,0
149,1,1,0
150,1,1,0
151,1,1,0
152,1,1,0
153,1,1,0
154,1,1,0
155,1,1,0
156,1,1,0
157,0,0,0
158,0,0,0
159,0,0,0
160,0,0,0
161,0,0,0
162,0,0,0
163,0,0,0
164,0,0,0
165,0,0,0
166,0,0,0
167,0,0,0
168,0,0,0
169,0,0,0
170,0,0,0
171,0,0,0
172,0,0,0
173,0,0,0
174,0,0,0
175,0,0,0
176,0,0,0
177,0,0,1
178,0,0,1
179,2,0,0
180,2,2,0
181,2,2,0
182,2,2,0
183,1,1,0
184,2,0,0
185,2,0,0
186,2,0,0
187,2,2,0
188,2,1,0
189,2,0,0
190,0,0,0
191,0,0,0
192,0,0,0
193,0,0,0
194,3,3,0
195,3,3,0
196,3,3,0
197,3,3,0
198,0,0,0
199,0,0,0
200,0,0,0
201,2,2,0
202,2,2,0
203,2,2,0
204,2,2,0
205,0,0,0
206,0,0,0
207,0,0,0
208,0,0,0
209,0,0,0
210,0,0,0
211,0,0,0
212,0,0,0
213,0,0,0
214,0,0,0
215,0,0,0
216,0,0,0
217,0,0,0
218,0,0,0
219,0,0,0
220,0,0,0
221,2,2,0
222,2,2,0
223,2,2,0
224,2,2,0
225,2,2,0
226,2,2,0
227,0,0,0
228,0,0,0
229,0,0,0
230,0,0,0
231,0,0,0
232,0,0,0
233,0,0,0
234,3,0,0
235,3,2,1
236,3,3,1
237,3,2,1
238,3,2,1
239,3,2,1
240,3,2,1
241,3,2,1
242,3,3,1
243,3,3,1
244,3,3,1
245,0,0,0
246,0,0,0
247,0,0,0
248,0,0,0
249,0,0,0
250,0,0,0
251,0,0,0
252,0,0,0
253,0,0,0
254,0,0,0
255,0,0,0
256,0,0,1
257,0,0,1
258,0,0,1
259,0,0,1
260,1,0,0
261,1,0,0
262,1,1,0
263,1,1,0
264,1,0,0
265,1,0,0
266,1,0,0
267,1,1,0
268,1,1,0
269,1,1,0
270,1,1,0
271,1,1,0
272,1,1,0
273,1,0,0
274,1,1,0
275,1,1,0
276,1,1,0
277,1,1,0
278,1,1,0
279,1,1,0
280,1,1,0
281,1,1,0
282,1,1,0
283,1,1,0
284,1,1,0
285,1,1,0
286,1,1,0
287,1,1,0
288,1,1,0
289,1,1,0
290,1,1,0
291,1,1,0
292,0,0,0
293,0,0,0
294,0,0,0
295,0,0,0
296,0,0,0
297,0,0,0
298,0,0,0
299,0,0,0
300,0,0,0
301,0,0,0
302,3,3,0
303,3,2,0
304,3,1,0
305,3,1,0
306,3,2,0
307,3,1,0
308,2,2,0
309,2,2,0
310,2,2,0
311,1,1,0
312,1,1,0
313,0,0,1
314,0,0,1
315,0,0,1
316,0,0,1
317,0,0,1
318,0,0,1
319,0,0,1
320,0,0,1
321,0,0,1
322,0,0,1
323,1,1,0
324,1,1,0
325,1,1,0
326,1,1,0
327,1,1,0
328,1,1,0
329,1,1,0
330,1,1,0
331,1,1,0
332,1,1,0
333,1,1,0
334,1,1,0
335,1,1,0
336,1,1,0
337,1,1,0
338,1,1,0
339,1,1,0
340,1,1,0
341,1,1,1
342,1,1,1
343,1,0,0
344,1,0,0
345,1,1,0
346,1,1,0
347,1,0,0
348,1,0,0
349,1,1,0
350,0,0,0
351,0,0,0
352,0,0,0
353,0,0,0
354,0,0,0
355,0,0,0
356,0,0,0
357,0,0,0
358,0,0,0
359,3,2,0
360,3,0,0
361,3,0,0
362,3,0,0
363,3,0,0
364,3,0,0
365,3,0,0
366,3,0,0
367,3,1,0
368,3,0,0
369,3,0,0
370,3,1,0
371,3,0,0
372,3,0,0
373,3,1,0
374,3,0,0
375,3,1,0
376,3,1,0
377,3,0,0
378,3,0,0
379,3,0,0
380,3,1,0
381,3,0,0
382,3,0,0
383,3,1,0
384,3,2,0
385,3,2,0
386,3,1,0
387,3,1,0
388,3,0,0
389,3,0,0
390,3,2,0
391,3,1,0
392,3,1,0
393,3,1,0
394,3,1,0
395,3,1,0
396,3,2,0
397,3,2,0
398,3,1,0
399,3,1,0
400,3,2,0
401,3,2,0
402,3,1,0
403,3,0,0
404,3,0,0
405,3,0,0
406,3,1,0
407,3,2,0
408,3,2,0
409,3,1,0
410,3,2,0
411,3,2,0
412,3,2,0
413,3,1,0
414,3,1,0
415,3,1,0
416,3,1,0
417,3,3,0
418,3,3,0
419,3,2,0
420,3,1,0
421,2,2,0
422,2,1,0
423,2,2,0
424,2,2,0
425,2,2,0
426,2,2,0
427,2,2,0
428,2,2,0
429,2,2,0
430,2,2,0
431,2,1,0
432,2,1,0
433,2,2,0
434,2,2,0
435,0,0,0
436,0,0,0
437,0,0,0
438,0,0,0
439,0,0,0
440,0,0,0
441,0,0,0
442,0,0,0
443,3,3,0
444,3,3,0
445,3,2,0
446,3,2,0
447,3,3,1
448,3,3,1
449,3,3,1
450,3,3,1
451,3,2,0
452,3,3,0
453,3,2,0
454,2,2,0
455,2,1,0
456,2,1,0
457,2,2,0
458,2,2,0
459,0,0,0
460,0,0,0
461,0,0,0
462,0,0,0
463,0,0,0
464,0,0,0
465,0,0,0
466,0,0,0
467,2,0,0
468,2,1,0
469,2,1,0
470,2,1,0
471,2,1,0
472,2,1,0
473,2,1,0
474,2,2,0
475,2,1,0
476,2,1,0
477,2,1,0
478,2,1,0
479,1,1,0
480,1,1,0
481,1,1,0
482,1,1,0
483,1,1,0
484,1,1,0
485,1,0,0
486,1,1,0
487,1,1,0
488,1,1,0
489,1,1,0
490,1,1,0
491,1,1,0
492,1,1,0
493,1,1,0
494,1,1,0
495,1,0,0
496,1,1,0
497,1,1,0
498,1,1,0
499,3,2,1
500,3,2,1
501,3,3,1
502,3,2,1
503,3,3,1
504,3,3,1
505,3,3,1
506,3,3,1
507,3,3,1
508,3,3,1
509,3,3,1
510,3,3,1
511,3,3,1
512,3,3,1
513,3,3,0
514,3,2,0
515,3,2,0
516,3,3,0
517,3,3,0
518,3,3,0
519,3,3,0
520,3,2,0
521,3,3,0
522,3,3,0
523,3,3,0
524,3,3,0
525,3,3,0
526,3,3,0
527,3,3,0
528,3,3,0
529,3,3,0
530,3,3,0
531,3,3,0
532,3,3,0
533,3,3,0
534,3,3,0
535,3,3,0
536,3,3,0
537,3,3,0
538,0,0,0
539,0,0,0
540,2,1,0
541,2,2,0
542,2,2,0
543,1,1,0
544,1,1,0
545,1,1,0
546,1,1,0
547,1,1,0
548,1,1,0
549,1,1,0
550,1,1,0
551,0,0,0
552,0,0,0
553,0,0,0
554,0,0,0
555,0,0,0
556,0,0,0
557,2,2,0
558,2,2,0
559,2,2,0
560,2,2,0
561,2,2,0
562,0,0,0
563,0,0,0
564,0,0,0
565,2,2,0
566,0,0,0
567,0,0,0
568,0,0,0
569,0,0,0
570,0,0,0
571,0,0,0
572,0,0,0
573,0,0,0
574,0,0,0
575,0,0,0
576,0,0,0
577,0,0,0
578,0,0,0
579,1,0,0
580,1,0,0
581,1,1,0
582,1,1,0
583,1,1,0
584,1,1,0
585,1,1,0
586,1,1,0
587,1,1,0
588,1,1,0
589,1,1,0
590,1,1,0
591,1,0,0
592,1,1,0
593,1,1,0
594,1,1,0
595,1,1,0
596,1,1,0
597,1,1,0
598,1,1,0
599,1,1,0
600,1,0,0
601,1,1,0
602,1,0,0
603,1,1,0
604,1,0,0
605,1,1,0
606,1,1,0
607,1,1,0
608,1,0,0
609,1,1,0
610,0,0,0
611,0,0,0
612,0,0,0
613,0,0,0
614,0,0,0
615,0,0,0
616,0,0,0
617,0,0,0
618,0,0,0
619,1,1,0
620,1,0,0
621,1,0,0
622,1,0,0
623,1,0,0
624,1,0,0
625,1,0,0
626,1,0,0
627,1,0,0
628,1,0,0
629,1,0,0
630,2,0,0
631,2,2,0
632,2,2,0
633,2,0,0
634,2,0,0
635,2,1,0
636,3,3,1
637,3,2,1
638,3,0,1
639,0,0,0
640,0,0,0
641,0,0,0
642,0,0,0
643,0,0,0
644,0,0,0
645,0,0,0
646,3,1,0
647,3,2,0
648,3,3,0
649,3,3,0
650,3,3,0
651,3,3,0
652,0,0,0
653,0,0,0
654,0,0,0
655,0,0,0
656,0,0,0
657,0,0,0
658,0,0,0
659,0,0,0
660,0,0,0
661,0,0,0
662,0,0,0
663,0,0,0
664,0,0,0
665,0,0,0
666,0,0,0
667,0,0,0
668,0,0,0
669,0,0,0
670,0,0,0
671,1,1,0
672,1,1,0
673,1,0,0
674,0,0,0
675,0,0,0
676,0,0,0
677,0,0,0
678,0,0,1
679,0,0,1
680,0,0,1
681,0,0,1
682,0,0,1
683,0,0,0
684,0,0,0
685,0,0,0
686,0,0,0
687,0,0,0
688,0,0,0
689,0,0,0
690,1,0,0
691,1,1,0
692,1,1,0
693,1,1,0
694,1,1,0
695,1,1,0
696,1,1,0
697,1,1,0
698,1,1,0
699,1,1,0
700,0,0,0
701,0,0,0
702,0,0,0
703,0,0,0
704,0,0,0
705,0,0,0
706,0,0,0
707,0,0,0
708,1,1,0
709,1,1,0
710,3,3,1
711,3,3,1
712,3,3,1
713,3,3,1
714,1,1,0
715,1,1,0
716,2,0,0
717,2,1,0
718,2,1,0
719,2,1,0
720,2,1,0
721,2,1,0
722,2,0,0
723,2,0,0
724,0,0,0
725,0,0,0
726,1,1,0
727,1,1,0
728,1,1,0
729,1,0,0
730,1,0,0
731,1,1,0
732,1,1,0
733,1,1,0
734,1,1,0
735,1,0,0
736,1,1,0
737,1,1,0
738,1,1,0
739,1,1,0
740,1,1,0
741,1,1,0
742,1,1,0
743,1,1,0
744,1,1,0
745,1,0,0
746,1,0,0
747,1,0,0
748,1,1,0
749,2,0,0
750,2,0,0
751,2,2,1
752,2,2,1
753,2,2,1
754,0,0,1
755,0,0,1
756,0,0,1
757,0,0,1
758,0,0,1
759,0,0,1
760,0,0,1
761,0,0,1
762,0,0,1
763,0,0,1
764,0,0,1
765,0,0,1
766,0,0,1
767,0,0,1
768,1,1,0
769,3,3,0
770,3,2,0
771,3,2,0
772,3,2,0
773,3,3,0
774,3,3,0
775,3,0,0
776,3,0,0
777,3,1,0
778,3,1,0
779,3,1,0
780,3,1,0
781,3,1,0
782,3,1,0
783,3,2,0
784,3,0,0
785,3,0,0
786,3,0,0
787,3,0,0
788,3,1,0
789,2,2,0
790,2,2,0
791,2,2,0
792,2,2,0
793,2,2,0
794,0,0,0
795,0,0,0
796,0,0,0
797,1,0,0
798,1,0,0
799,1,0,0
800,1,0,0
801,1,1,0
802,1,0,0
803,1,0,0
804,1,1,0
805,1,1,0
806,1,0,0
807,1,0,0
808,3,0,0
809,3,0,0
810,3,1,0
811,3,2,0
812,3,2,0
813,3,2,0
814,3,3,0
815,3,3,0
816,3,1,0
817,3,3,0
818,3,0,0
819,3,0,0
820,3,0,0
821,3,0,0
822,3,0,0
823,3,3,0
824,3,0,0
825,3,0,0
826,3,0,0
827,3,0,0
828,3,2,1
829,3,3,1
830,3,3,1
831,3,3,1
832,3,3,1
833,3,3,1
834,3,3,1
835,3,3,1
836,3,3,1
837,3,3,1
838,1,0,0
839,1,0,0
840,1,1,0
841,1,1,0
842,2,0,0
843,2,0,0
844,2,2,0
845,2,2,0
846,2,1,0
847,2,2,0
848,2,1,0
849,2,1,0
850,2,1,0
851,2,0,0
852,2,1,0
853,2,0,0
854,2,1,0
855,2,1,0
856,2,2,0
857,2,1,0
858,2,1,0
859,0,0,0
860,0,0,0
861,0,0,0
862,0,0,0
863,0,0,0
864,0,0,0
865,0,0,0
866,3,3,0
867,3,3,0
868,3,2,0
869,3,3,0
870,3,3,0
871,3,3,0
872,3,1,0
873,3,1,0
874,3,0,0
875,3,1,0
876,3,1,0
877,3,2,0
878,3,0,0
879,3,0,0
880,3,0,0
881,3,1,0
882,3,1,0
883,3,0,0
884,3,2,0
885,3,2,0
886,3,1,0
887,3,0,0
888,3,2,0
889,3,0,0
890,3,1,0
891,3,1,0
892,3,3,0
893,3,1,0
894,3,1,0
895,3,1,0
896,3,2,0
897,3,2,0
898,3,0,0
899,3,1,0
900,3,0,0
901,3,0,0
902,3,3,0
903,3,3,0
904,3,1,0
905,3,2,0
906,3,2,0
907,3,0,0
908,3,1,0
909,3,1,0
910,3,3,0
911,3,1,0
912,3,2,0
913,3,1,0
914,3,2,0
915,3,0,0
916,3,2,0
917,3,1,0
918,3,1,0
919,3,0,0
920,3,1,0
921,3,1,0
922,3,1,0
923,3,1,0
924,3,0,0
925,3,0,0
926,3,0,0
927,3,1,0
928,3,1,0
929,3,2,0
930,3,2,0
931,3,3,0
932,3,2,0
933,3,1,0
934,3,1,0
935,3,0,0
936,3,1,0
937,3,1,0
938,3,2,0
939,3,3,0
940,3,1,0
941,3,3,0
942,3,0,0
943,0,0,1
944,0,0,1
945,0,0,1
946,0,0,1
947,0,0,1
948,0,0,1
949,0,0,0
950,0,0,0
951,0,0,0
952,0,0,0
953,0,0,0
954,0,0,1
955,3,0,0
956,3,2,0
957,3,1,0
958,3,2,0
959,3,3,0
960,3,3,0
961,3,2,0
962,3,3,0
963,3,2,0
964,3,2,0
965,3,2,0
966,3,2,0
967,3,3,0
968,3,3,0
969,3,3,0
970,3,3,0
971,3,3,0
972,3,3,0
973,3,3,0
974,3,3,0
975,3,3,0
976,3,3,0
977,3,3,0
978,1,1,0
979,1,0,0
980,1,0,0
981,1,0,0
982,1,0,0
983,2,2,0
984,2,2,0
985,2,2,0
986,0,0,0
987,0,0,0
988,0,0,0
989,0,0,0
990,0,0,0
991,0,0,0
992,0,0,0
993,0,0,0
994,0,0,0
995,0,0,0
996,0,0,0
997,0,0,0
998,2,0,0
999,2,1,0
1000,2,0,0
1001,2,0,0
1002,2,0,0
1003,2,0,0
1004,2,1,0
1005,2,1,0
1006,2,1,0
1007,2,1,0
1008,2,0,0
1009,2,2,0
1010,2,0,0
1011,2,1,0
1012,2,1,0
1013,2,0,0
1014,2,0,0
1015,2,0,0
1016,2,0,0
1017,2,1,0
1018,2,1,0
1019,2,1,0
1020,2,1,0
1021,2,0,0
1022,2,1,0
1023,2,1,0
1024,2,0,0
1025,2,2,0
1026,2,1,0
1027,2,1,0
1028,2,0,0
1029,2,1,0
1030,2,0,0
1031,2,0,0
1032,2,0,0
1033,2,0,0
1034,2,0,0
1035,2,1,0
1036,2,1,0
1037,2,0,0
1038,2,0,0
1039,2,0,0
1040,2,0,0
1041,2,0,0
1042,2,1,0
1043,2,0,0
1044,2,0,0
1045,2,1,0
1046,2,0,0
1047,2,0,0
1048,2,0,0
1049,2,0,0
1050,2,1,0
1051,2,1,0
1052,2,0,0
1053,2,0,0
1054,2,0,0
1055,2,0,0
1056,2,2,0
1057,2,2,0
1058,2,2,0
1059,2,2,0
1060,2,2,0
1061,2,2,0
1062,2,2,0
1063,2,2,0
1064,2,2,0
1065,0,0,0
1066,0,0,0
1067,0,0,0
1068,0,0,0
1069,0,0,0
1070,0,0,0
1071,0,0,0
1072,0,0,0
1073,0,0,0
1074,0,0,0
1075,2,2,1
1076,3,1,0
1077,3,1,0
1078,3,2,0
1079,3,2,0
1080,3,2,0
1081,3,1,0
1082,3,2,0
1083,3,1,0
1084,3,1,0
1085,3,2,0
1086,3,2,0
1087,3,2,0
1088,3,2,0
1089,3,2,0
1090,3,2,0
1091,3,2,0
1092,3,2,0
1093,3,2,0
1094,3,2,0
1095,3,2,0
1096,3,2,0
1097,3,1,0
1098,3,2,0
1099,3,1,0
1100,3,1,0
1101,3,2,0
1102,3,2,0
1103,3,2,0
1104,3,2,0
1105,3,1,0
1106,3,1,0
1107,3,1,0
1108,3,2,0
1109,3,1,0
1110,3,2,0
1111,3,2,0
1112,3,2,0
1113,3,1,0
1114,3,3,0
1115,0,0,0
1116,0,0,0
1117,0,0,0
1118,0,0,0
1119,3,2,0
1120,3,2,0
1121,3,3,0
1122,3,2,0
1123,3,2,0
1124,1,0,0
1125,1,1,0
1126,1,1,0
1127,1,1,0
1128,1,1,0
1129,3,2,0
1130,3,1,0
1131,3,2,0
1132,3,1,0
1133,3,0,0
1134,3,1,0
1135,3,2,0
1136,3,2,0
1137,3,2,0
1138,3,2,0
1139,3,1,0
1140,3,1,0
1141,3,1,0
1142,3,1,0
1143,3,2,0
1144,3,1,0
1145,3,0,0
1146,3,3,0
1147,3,2,0
1148,3,1,0
1149,3,1,0
1150,3,2,0
1151,3,1,0
1152,3,2,0
1153,3,2,0
1154,3,1,0
1155,3,1,0
1156,3,2,0
1157,3,1,0
1158,3,2,0
1159,3,1,0
1160,3,1,0
1161,3,2,0
1162,0,0,1
1163,0,0,1
1164,3,1,0
1165,3,1,0
1166,3,3,0
1167,3,3,0
1168,3,3,0
1169,3,1,0
1170,1,1,0
1171,1,1,0
1172,1,1,0
1173,1,0,0
1174,1,1,0
1175,1,1,0
1176,2,1,0
1177,2,1,0
1178,2,1,0
1179,2,1,0
1180,2,1,0
1181,2,2,0
1182,2,2,0
1183,2,1,0
1184,2,1,0
1185,2,1,0
1186,1,1,0
1187,1,1,0
1188,3,2,0
1189,3,3,0
1190,3,3,0
1191,3,3,0
1192,3,3,0
1193,3,3,0
1194,3,3,0
1195,3,3,0
1196,3,3,0
1197,3,3,0
1198,3,3,0
1199,3,0,0
1200,3,2,0
1201,3,0,0
1202,3,3,0
1203,3,3,0
1204,3,1,0
1205,3,1,0
1206,3,1,0
1207,3,2,0
1208,3,3,0
1209,3,1,0
1210,3,1,0
1211,3,0,0
1212,3,0,0
1213,3,2,0
1214,3,1,0
1215,3,2,0
1216,3,0,0
1217,3,0,0
1218,3,3,0
1219,3,3,0
1220,3,2,0
1221,3,1,0
1222,3,3,0
1223,3,3,0
1224,3,1,0
1225,3,1,0
1226,3,1,0
1227,3,1,0
1228,3,1,0
1229,3,1,0
1230,3,1,0
1231,3,2,0
1232,3,0,0
1233,3,3,1
1234,3,2,1
1235,3,3,1
1236,3,3,1
1237,3,3,1
1238,3,3,1
1239,3,3,1
1240,3,0,0
1241,3,0,0
1242,3,0,0
1243,3,3,1
1244,3,3,1
1245,3,3,1
1246,3,0,0
1247,1,0,0
1248,1,0,0
1249,1,1,0
1250,1,0,0
1251,1,0,0
1252,1,1,0
1253,1,1,0
1254,1,1,0
1255,1,0,0
1256,1,0,0
1257,1,1,0
1258,0,0,1
1259,0,0,1
1260,0,0,1
1261,0,0,1
1262,0,0,1
1263,0,0,1
1264,3,3,1
1265,3,3,1
1266,3,3,1
1267,3,3,1
1268,3,3,1
1269,3,2,1
1270,3,3,1
1271,1,0,0
1272,1,1,0
1273,1,0,0
1274,1,0,0
1275,1,0,0
1276,1,0,0
1277,1,0,0
1278,1,0,0
1279,1,1,0
1280,1,1,0
1281,1,0,0
1282,1,1,0
1283,2,2,1
1284,2,2,1
1285,2,1,0
1286,2,1,0
1287,2,1,0
1288,2,1,0
1289,2,2,0
1290,2,2,0
1291,0,0,1
1292,2,2,0
1293,2,2,0
1294,1,0,0
1295,1,1,0
1296,1,1,0
1297,1,1,0
1298,1,1,0
1299,1,1,0
1300,3,3,1
1301,3,3,1
1302,3,3,1
1303,3,3,1
1304,3,3,1
1305,3,3,1
1306,3,3,1
1307,3,3,1
1308,3,3,1
1309,3,3,1
1310,3,3,1
1311,3,3,0
1312,3,3,0
1313,3,3,0
1314,3,3,0
1315,3,3,0
1316,3,3,0
1317,3,2,0
1318,3,3,0
1319,3,2,0
1320,3,2,0
1321,3,2,0
1322,3,2,0
1323,3,3,0
1324,3,3,0
1325,3,3,0
1326,3,2,0
1327,3,2,0
1328,3,3,0
1329,3,2,0
1330,3,3,0
1331,2,1,0
1332,2,0,0
1333,2,1,0
1334,2,1,0
1335,2,1,0
1336,2,1,0
1337,2,1,0
1338,2,1,0
1339,2,1,0
1340,2,1,0
1341,2,1,0
1342,2,2,0
1343,2,1,0
1344,2,2,0
1345,2,1,0
1346,2,1,0
1347,2,1,0
1348,2,2,0
1349,2,1,0
1350,2,1,0
1351,2,1,0
1352,2,1,0
1353,2,0,0
1354,2,2,0
1355,2,2,0
1356,2,1,0
1357,2,1,0
1358,2,1,0
1359,1,0,1
1360,1,1,1
1361,1,0,1
1362,1,0,1
1363,1,1,1
1364,1,1,1
1365,0,0,1
1366,0,0,1
1367,0,0,1
1368,0,0,1
1369,0,0,1
1370,0,0,1
1371,2,2,0
1372,2,2,0
1373,2,1,0
1374,2,2,0
1375,2,2,0
1376,2,2,0
1377,2,2,0
1378,2,2,0
1379,2,0,0
1380,2,2,0
1381,2,0,0
1382,2,0,0
1383,2,0,0
1384,2,0,0
1385,2,0,0
1386,2,0,0
1387,2,2,0
1388,2,0,0
1389,2,1,0
1390,2,1,0
1391,2,1,0
1392,2,1,0
1393,2,1,0
1394,2,1,0
1395,3,2,0
1396,3,3,0
1397,3,3,0
1398,3,0,0
1399,3,0,0
1400,3,0,0
1401,3,1,0
1402,3,3,0
1403,3,1,0
1404,0,0,0
1405,0,0,0
1406,0,0,0
1407,0,0,0
1408,0,0,0
1409,1,1,0
1410,1,1,0
1411,1,1,0
1412,2,2,0
1413,2,2,0
1414,2,2,0
1415,2,0,0
1416,0,0,0
1417,0,0,0
1418,0,0,0
1419,0,0,0
1420,0,0,0
1421,0,0,0
1422,0,0,0
1423,0,0,0
1424,0,0,0
1425,0,0,0
1426,0,0,0
1427,0,0,1
1428,0,0,1
1429,0,0,1
1430,0,0,1
1431,0,0,1
1432,0,0,1
1433,0,0,1
1434,1,1,0
1435,1,0,0
1436,1,0,1
1437,1,0,1
1438,1,0,1
1439,0,0,1
1440,0,0,1
1441,0,0,1
1442,0,0,1
1443,0,0,1
1444,3,3,0
1445,3,3,0
1446,3,2,0
1447,3,2,0
1448,3,1,0
1449,3,2,0
1450,3,2,0
1451,3,2,0
1452,3,2,0
1453,3,2,0
1454,3,3,0
1455,3,3,0
1456,3,3,0
1457,3,2,0
1458,3,3,0
1459,3,2,0
1460,3,2,0
1461,3,3,0
1462,3,2,0
1463,3,2,0
1464,0,0,0
1465,2,2,0
1466,2,2,0
1467,2,2,0
1468,2,2,0
1469,1,0,0
1470,1,0,0
1471,1,0,0
1472,1,1,0
1473,1,0,0
1474,1,0,0
1475,1,0,0
1476,1,0,0
1477,1,0,0
1478,2,2,1
1479,0,0,0
1480,0,0,0
1481,0,0,0
1482,1,0,0
1483,1,0,0
1484,1,0,0
1485,1,1,0
1486,1,0,0
1487,1,0,0
1488,1,0,0
1489,1,0,0
1490,1,0,0
1491,1,0,0
1492,1,0,0
1493,1,1,0
1494,1,0,0
1495,1,1,0
1496,1,1,0
1497,1,0,0
1498,1,0,0
1499,1,1,0
1500,1,1,0
1501,1,0,0
1502,1,1,0
1503,1,0,0
1504,1,0,0
1505,1,0,0
1506,1,0,0
1507,3,3,1
1508,3,3,1
1509,1,1,0
1510,1,1,0
1511,0,0,0
1512,0,0,0
1513,0,0,0
1514,0,0,0
1515,0,0,0
1516,0,0,0
1517,0,0,1
1518,0,0,1
1519,0,0,1
1520,1,1,0
1521,1,1,0
1522,1,0,0
1523,1,1,0
1524,0,0,0
1525,0,0,0
1526,0,0,0
1527,0,0,0
1528,0,0,0
1529,0,0,0
1530,0,0,0
1531,0,0,0
1532,0,0,0
1533,0,0,0
1534,0,0,0
1535,0,0,1
1536,0,0,0
1537,0,0,0
1538,0,0,0
1539,1,0,0
1540,1,0,1
1541,1,0,0
1542,1,0,0
1543,1,0,0
1544,1,0,0
1545,1,0,0
1546,1,0,0
1547,1,1,0
1548,1,1,0
1549,1,0,0
1550,1,0,0
1551,1,1,0
1552,1,0,0
1553,1,0,0
1554,2,1,1
1555,2,0,0
1556,2,2,0
1557,2,1,0
1558,2,1,0
1559,2,1,0
1560,2,0,0
1561,2,1,0
1562,2,1,0
1563,2,1,0
1564,2,2,0
1565,2,1,0
1566,2,2,0
1567,0,0,0
1568,0,0,0
1569,0,0,0
1570,0,0,0
1571,1,0,1
1572,1,0,1
1573,1,1,0
1574,0,0,0
1575,0,0,0
1576,0,0,0
1577,0,0,0
1578,0,0,0
1579,0,0,0
1580,0,0,0
1581,0,0,0
1582,2,2,0
1583,2,1,0
1584,2,1,0
1585,2,1,0
1586,2,2,0
1587,2,2,0
1588,2,1,0
1589,2,1,0
1590,2,2,0
1591,0,0,1
1592,0,0,0
1593,0,0,0
1594,0,0,0
1595,0,0,0
1596,0,0,0
1597,0,0,0
1598,0,0,0
1599,0,0,0
1600,0,0,0
1601,0,0,0
1602,0,0,0
1603,0,0,0
1604,0,0,0
1605,0,0,0
1606,0,0,0
1607,0,0,0
1608,0,0,0
1609,0,0,0
1610,0,0,0
1611,0,0,0
1612,0,0,0
1613,0,0,0
1614,0,0,0
1615,1,1,1
1616,1,0,0
1617,1,0,0
1618,1,0,0
1619,1,1,0
1620,0,0,0
1621,0,0,0
1622,0,0,0
1623,2,0,0
1624,2,2,0
1625,0,0,0
1626,0,0,0
1627,0,0,0
1628,1,1,0
1629,1,1,0
1630,1,1,0
1631,1,1,0
1632,1,1,0
1633,3,3,0
1634,3,3,0
1635,0,0,0
1636,0,0,0
1637,0,0,0
1638,0,0,0
1639,0,0,0
1640,0,0,0
1641,0,0,0
1642,0,0,0
1643,0,0,0
1644,0,0,0
1645,0,0,0
1646,0,0,0
1647,0,0,0
1648,0,0,0
1649,0,0,0
1650,0,0,0
1651,0,0,0
1652,0,0,0
1653,1,0,0
1654,1,0,0
1655,1,1,0
1656,1,1,0
1657,1,1,0
1658,1,0,0
1659,2,2,0
1660,2,2,0
1661,2,1,0
1662,2,1,0
1663,1,0,1
1664,1,1,0
1665,1,0,0
1666,1,0,0
1667,1,0,1
1668,0,0,0
1669,0,0,0
1670,0,0,0
1671,0,0,0
1672,0,0,0
1673,0,0,0
1674,0,0,0
1675,0,0,0
1676,2,2,1
1677,2,2,1
1678,0,0,0
1679,0,0,0
1680,2,1,0
1681,2,1,0
1682,2,1,0
1683,2,1,0
1684,2,2,0
1685,2,2,0
1686,2,1,0
1687,2,1,0
1688,2,1,0
1689,0,0,1
1690,0,0,1
1691,3,2,0
1692,3,3,0
1693,1,0,0
1694,1,1,0
1695,1,1,0
1696,1,1,0
1697,1,1,1
1698,1,1,1
1699,1,1,1
1700,1,1,1
1701,3,3,1
1702,3,1,0
1703,3,2,0
1704,3,1,0
1705,3,0,0
1706,3,1,0
1707,3,1,0
1708,3,1,0
1709,3,1,0
1710,3,1,0
1711,3,1,0
1712,3,2,0
1713,0,0,0
1714,0,0,0
1715,0,0,0
1716,0,0,0
1717,3,3,1
1718,1,1,0
1719,1,1,0
1720,2,0,0
1721,2,0,0
1722,2,1,0
1723,2,0,0
1724,0,0,0
1725,0,0,0
1726,0,0,0
1727,0,0,0
1728,0,0,1
1729,1,0,1
1730,1,1,1
1731,1,1,1
1732,1,1,1
1733,1,0,1
1734,1,0,0
1735,1,0,0
1736,1,0,0
1737,1,0,0
1738,0,0,0
1739,0,0,0
1740,0,0,0
1741,0,0,0
1742,0,0,1
1743,0,0,1
1744,2,2,0
1745,2,2,0
1746,3,3,0
1747,3,3,0
1748,3,3,0
1749,3,3,0
1750,3,3,0
1751,3,3,0
1752,3,3,0
1753,3,3,0
1754,3,3,0
1755,3,3,0
1756,3,3,0
1757,3,3,0
1758,3,3,0
1759,3,2,0
1760,3,3,0
1761,3,2,0
1762,3,3,0
1763,3,2,0
1764,3,3,0
1765,0,0,0
1766,0,0,0
1767,0,0,0
1768,0,0,0
1769,0,0,0
1770,0,0,0
1771,0,0,0
1772,0,0,0
1773,0,0,0
1774,0,0,0
1775,0,0,0
1776,0,0,1
1777,0,0,1
1778,0,0,1
1779,0,0,1
1780,0,0,1
1781,0,0,1
1782,0,0,1
1783,0,0,0
1784,0,0,0
1785,1,1,0
1786,1,1,0
1787,1,0,0
1788,1,1,0
1789,1,1,0
1790,1,1,0
1791,1,1,0
1792,1,1,0
1793,1,0,0
1794,1,1,0
1795,1,0,0
1796,1,1,0
1797,1,1,0
1798,1,1,0
1799,1,1,0
1800,1,1,0
1801,1,0,0
1802,1,1,0
1803,1,1,0
1804,1,1,0
1805,1,1,0
1806,1,1,0
1807,1,1,0
1808,1,1,0
1809,1,1,0
1810,1,1,0
1811,1,1,0
1812,1,0,0
1813,1,0,0
1814,1,0,0
1815,1,1,0
1816,1,0,0
1817,1,1,0
1818,1,0,0
1819,1,0,0
1820,1,0,0
1821,1,0,0
1822,1,1,0
1823,1,1,0
1824,1,0,0
1825,1,0,0
1826,1,1,0
1827,1,0,0
1828,1,0,0
1829,1,1,0
1830,1,0,0
1831,1,1,0
1832,1,1,0
1833,1,1,0
1834,0,0,0
1835,0,0,0
1836,0,0,1
1837,0,0,1
1838,1,1,0
1839,1,1,0
1840,1,0,0
1841,1,0,0
1842,2,2,0
1843,3,1,0
1844,3,0,0
1845,3,0,0
1846,3,0,0
1847,3,3,0
1848,3,2,0
1849,3,2,0
1850,3,1,0
1851,2,2,0
1852,2,2,0
1853,2,2,0
1854,2,1,0
1855,2,1,0
1856,2,1,0
1857,2,2,0
1858,2,1,0
1859,2,1,0
1860,2,2,0
1861,2,1,0
1862,2,2,0
1863,2,2,0
1864,2,2,0
1865,2,2,0
1866,2,1,0
1867,2,1,0
1868,2,1,0
1869,2,2,0
1870,2,2,0
1871,2,2,0
1872,2,2,0
1873,2,2,0
1874,2,2,0
1875,1,0,0
1876,1,1,0
1877,2,2,0
1878,2,2,0
1879,2,2,0
1880,2,2,0
1881,3,1,0
1882,3,1,0
1883,3,1,0
1884,3,2,0
1885,3,2,0
1886,2,2,0
1887,2,1,0
1888,2,1,0
1889,2,1,0
1890,2,1,0
1891,2,2,0
1892,2,2,0
1893,2,0,0
1894,2,1,0
1895,2,1,0
1896,2,2,0
1897,2,2,0
1898,2,1,0
1899,2,2,0
1900,2,2,0
1901,2,1,0
1902,1,0,0
1903,1,1,0
1904,1,0,0
1905,1,0,0
1906,1,1,0
1907,1,0,0
1908,1,1,0
1909,1,0,0
1910,1,0,0
1911,1,0,0
1912,1,1,0
1913,1,1,0
1914,3,2,1
1915,3,2,1
1916,3,3,1
1917,2,2,0
1918,2,2,0
1919,2,1,0
1920,2,2,0
1921,2,2,0
1922,2,2,0
1923,2,2,0
1924,2,2,0
1925,2,1,0
1926,2,1,0
1927,2,1,0
1928,2,1,0
1929,2,2,0
1930,2,0,0
1931,1,1,0
1932,1,0,0
1933,2,2,0
1934,2,2,0
1935,2,2,0
1936,3,2,0
1937,3,1,0
1938,3,2,1
1939,3,2,1
1940,3,3,1
1941,3,3,1
1942,3,3,1
1943,3,1,1
1944,3,2,1
1945,3,3,1
1946,3,3,1
1947,3,3,1
1948,3,1,1
1949,3,3,0
1950,3,1,0
1951,3,2,0
1952,3,2,0
1953,3,2,0
1954,3,3,0
1955,1,0,0
1956,1,1,0
1957,1,1,0
1958,1,1,0
1959,3,3,0
1960,3,3,0
1961,3,1,0
1962,0,0,1
1963,0,0,1
1964,0,0,1
1965,0,0,1
1966,0,0,0
1967,0,0,0
1968,0,0,0
1969,0,0,0
1970,0,0,0
1971,3,3,1
1972,3,3,1
1973,2,2,0
1974,2,1,0
1975,2,1,0
1976,2,1,0
1977,2,1,0
1978,2,1,0
1979,2,0,0
1980,2,1,0
1981,2,2,0
1982,2,1,0
1983,2,1,0
1984,2,1,0
1985,2,1,0
1986,2,1,0
1987,2,0,0
1988,2,1,0
1989,2,1,0
1990,2,1,0
1991,2,1,0
1992,2,0,0
1993,2,1,1
1994,2,1,0
1995,2,1,0
1996,2,1,0
1997,2,1,0
1998,2,1,0
1999,2,1,0
2000,3,2,0
2001,3,3,0
2002,3,2,0
2003,3,2,0
2004,3,2,1
2005,3,3,0
2006,0,0,1
2007,0,0,1
2008,0,0,1
2009,0,0,1
2010,3,2,0
2011,3,2,0
2012,3,1,0
2013,3,2,0
2014,3,1,0
2015,3,3,0
2016,3,2,0
2017,3,2,0
2018,3,2,0
2019,3,2,0
2020,3,2,0
2021,3,1,0
2022,3,3,0
2023,3,3,0
2024,3,3,0
2025,3,2,0
2026,0,0,1
2027,0,0,1
2028,0,0,1
2029,0,0,1
2030,2,2,0
2031,2,2,0
2032,2,2,0
2033,2,2,0
2034,2,2,0
2035,2,2,0
2036,2,2,0
2037,2,2,0
2038,2,2,0
2039,2,2,0
2040,2,2,0
2041,0,0,1
2042,0,0,1
2043,0,0,1
2044,0,0,1
2045,0,0,1
2046,0,0,1
2047,0,0,1
2048,0,0,1
2049,0,0,1
2050,2,1,1
2051,2,2,0
2052,3,3,0
2053,3,2,0
2054,3,2,0
2055,3,1,0
2056,3,1,1
2057,1,1,0
2058,0,0,0
2059,0,0,0
2060,0,0,0
2061,0,0,0
2062,0,0,0
2063,0,0,0
2064,0,0,0
2065,0,0,0
2066,0,0,0
2067,0,0,0
2068,0,0,0
2069,0,0,0
2070,0,0,0
2071,0,0,0
2072,0,0,0
2073,0,0,0
2074,0,0,0
2075,0,0,0
2076,0,0,0
2077,0,0,0
2078,1,1,0
2079,1,1,0
2080,1,1,0
2081,1,0,0
2082,1,0,0
2083,2,2,0
2084,0,0,0
2085,0,0,0
2086,0,0,0
2087,0,0,0
2088,0,0,0
2089,1,1,0
2090,1,1,0
2091,1,0,0
2092,1,0,0
2093,1,0,1
2094,1,0,0
2095,1,1,0
2096,1,1,0
2097,1,1,0
2098,0,0,1
2099,0,0,1
2100,2,1,0
2101,2,2,0
2102,2,1,0
2103,2,2,0
2104,2,1,0
2105,2,1,0
2106,2,2,0
2107,2,1,0
2108,2,2,0
2109,2,1,0
